% This data contains dCt values for RORa in NKT & CD8+ cells.
% Cells are defined as Control & DSS depending on their treatment type.
% Data generated by Marissa Hutchings
 ,Gene,NKT/Control,CD8+/Control,NKT/DSS,CD8+/DSS
Replicate 01,RORa,8.55634884343542,5.71767341484854,12.9168035323923,8.75841568398717
Replicate 02,RORa,8.82884550444749,10.0410516601754,13.8081845482353,8.74515913069074
Replicate 03,RORa,7.52716604788171,9.25304502781312,,9.28254540674193
Replicate 04,RORa,8.31504504273579,6.30798431679858,14.438960087005,8.74095405122382
Replicate 05,RORa,10.121328584035,9.44520975271585,13.8603024294846,9.40928868498155
Replicate 06,RORa,7.67033722199219,10.2246299453172,16.1181084021362,8.46779968483576
Replicate 07,RORa,6.33063975914426,8.08253249166158,14.8289431553006,9.11209774804997
