// This data contains dCt values for FOXP3 in HeLa & LNCaP cells.
// Cells are defined as Methotrexate & Cyclophosphamide depending on their treatment type.

 ,Gene,HeLa:Methotrexate,LNCaP:Methotrexate,HeLa:Cyclophosphamide,LNCaP:Cyclophosphamide
Replicate 01,FOXP3,12.96537999484508,11.096229721603565,11.043312898445546,14.54996048081724
Replicate 02,FOXP3,13.320615300950102,11.385690571541149,11.56042389030453,14.264542352282986
Replicate 03,FOXP3,12.579212432830923,10.469418990414685,11.464372884427682,12.781967379840825
Replicate 04,FOXP3,11.52474987925083,11.043060554768823,11.898454009958622,12.894751370145272
Replicate 05,FOXP3,12.105958957802446,11.082511171218986,12.809065598661407,14.267663663992021
Replicate 06,FOXP3,11.119953925438868,11.219129709260653,12.688908022244863,13.619453605778446
Replicate 07,FOXP3,11.232353697245387,10.896255426224691,13.534728633859396,13.56333993871381
Replicate 08,FOXP3,13.704514108870228,11.107957549333372,12.608940554348454,13.00863311506222
