// This data contains dCt values for PSEN1 in PBMC & CD4+ cells.
// Cells are defined as WT & KO depending on their treatment type.
// Data generated by Eric Li
 ,Gene,PBMC-WT,CD4+-WT,PBMC-KO,CD4+-KO
Replicate 01,PSEN1,10.0051475882531,13.8125053510927,7.51249802877074,10.7616704780637
Replicate 02,PSEN1,10.3399047989314,13.9216820959371,7.15265048471915,10.5483280005475
Replicate 03,PSEN1,10.5855528834714,13.0973469427578,7.95350466699278,11.3980558013728
Replicate 04,PSEN1,10.2546474970028,12.850186032206,9.17195977985124,11.4790003794186
Replicate 05,PSEN1,10.8480404050439,12.0176644153777,7.60275303788234,-
