<!-- This data contains dCt values for PSEN1 in Lesion & Tissue cells.
<!-- Cells are defined as ZIKV- & ZIKV+ depending on their treatment type.
<!-- Data generated by Cole Gora
 ,Gene,Lesion:ZIKV-,Tissue:ZIKV-,Lesion:ZIKV+,Tissue:ZIKV+
Replicate 01,PSEN1,6.26705963841063,13.9430985285848,12.0258296938821,14.7920874967275
Replicate 02,PSEN1,7.91801137555119,15.0199500194032,12.8233055385646,13.5873876799832
Replicate 03,PSEN1,7.27117621618403,13.3419766009688,13.5622492449046,14.0107848535342
Replicate 04,PSEN1,8.46787461256381,14.4591043873289,11.4922864827945,12.7905297380354
Replicate 05,PSEN1,7.40054140489042,14.3276193890563,11.9730589697952,14.9040861254649
Replicate 06,PSEN1,9999,13.93361361466,12.0635010858256,15.4297570270298
Replicate 07,PSEN1,8.56276230322254,12.5938247206261,12.0610985694268,14.0859330420656
