_ This data contains dCt values for SEPT9 in Naive & Memory cells.
_ Cells are defined as ZIKV- & ZIKV+ depending on their treatment type.
_ Data generated by Riyaal al-Hamdan
 ,Gene,Naive ZIKV-,Memory ZIKV-,Naive ZIKV+,Memory ZIKV+
Replicate 01,SEPT9,9.66270480146295,11.4661077851613,13.7889026122678,14.4134553166294
Replicate 02,SEPT9,9.89551532396196,13.6838206894829,10.8358996225784,12.8947980200557
Replicate 03,SEPT9,9.64698548910577,12.0308352090133,13.2494329522934,12.3172078761362
Replicate 04,SEPT9,9.492516194698,14.4793481041809,12.8325077338467,13.9403863784521
Replicate 05,SEPT9,9.36403060097407,#N/A,11.6009542155324,11.3641694954179
Replicate 06,SEPT9,11.4803438539228,13.5330764572853,12.0611877372121,12.6213462715465
Replicate 07,SEPT9,11.1208977657454,13.7149222906482,11.5638199912083,13.7670641973573
