<!-- This data contains dCt values for TGFB in NKT & CD8+ cells.
<!-- Cells are defined as ZIKV- & ZIKV+ depending on their treatment type.
<!-- Data generated by Benjamin Sandoval
 ,Gene,NKT:ZIKV-,CD8+:ZIKV-,NKT:ZIKV+,CD8+:ZIKV+
Replicate 01,TGFB,8.92513827355777,10.5449023164224,15.2136438317272,10.3611151280374
Replicate 02,TGFB,8.26716773369707,11.0968790414546,13.2152772290323,9.76326997879591
Replicate 03,TGFB,8.60939565440365,9.89979158563822,14.957402013818,12.2460825956657
Replicate 04,TGFB,7.57636743880762,10.1104022082619,13.2354767810686,9.72491257415834
Replicate 05,TGFB,7.33545252655043,10.3111818539889,14.1780271595246,11.1014601675262
Replicate 06,TGFB,9999,8.77216399610459,15.0275618225348,9.55312123001497
