// This data contains dCt values for JUN in CD141+ & CD303+ cells.
// Cells are defined as Control & DSS depending on their treatment type.
// Data generated by Monica Devi
 ,Gene,CD141+-Control,CD303+-Control,CD141+-DSS,CD303+-DSS
Replicate 01,JUN,9.34197179225932,12.1660682554067,9.75339925016848,9.37109224436954
Replicate 02,JUN,10.4819731460047,9.41983354042426,9.4734304148343,7.48511242500098
Replicate 03,JUN,10.8054622283155,10.0275817499457,9.26317390431393,9.26220060547241
Replicate 04,JUN,10.8255698580276,9999,9.48690507936846,9.26480578007451
Replicate 05,JUN,9.44002937964833,11.6005909919758,7.93954149473197,7.71182420436762
Replicate 06,JUN,11.1072925711465,9.9755133576291,8.81672691113617,7.98333044384234
