_ This data contains dCt values for RORa in Liver & Kidney cells.
_ Cells are defined as Methotrexate & Cyclophosphamide depending on their treatment type.

 ,Gene,Liver/Methotrexate,Kidney/Methotrexate,Liver/Cyclophosphamide,Kidney/Cyclophosphamide
Replicate 01,RORa,14.093868830162975,13.940445410552853,11.673839222537534,12.142534781526713
Replicate 02,RORa,15.743253459368626,12.70388434109944,12.340459226475392,13.107588625303013
Replicate 03,RORa,14.699135450844103,12.534175224315273,12.573722591082971,10.7597181956328
Replicate 04,RORa,14.691103499362155,13.357074911191798,11.362689527350687,13.828776787535958
Replicate 05,RORa,13.846450735358296,12.886716741986112,11.081279354206709,12.070916999044984
Replicate 06,RORa,14.135031086560732,13.867175717402837,12.174168381316157,11.961660736790028
Replicate 07,RORa,14.246030942291725,15.4873120088191,11.365667057069068,12.80776218957181
