# This data contains dCt values for RORa in Th & Treg cells.
# Cells are defined as Methotrexate & Cyclophosphamide depending on their treatment type.
# Data generated by Linh Chen
 ,Gene,Th Methotrexate,Treg Methotrexate,Th Cyclophosphamide,Treg Cyclophosphamide
Replicate 01,RORa,15.065172850857,8.60937770496144,9.55891450540796,10.6843643971261
Replicate 02,RORa,13.0911541481054,10.3061096800423,9999,11.6827575301525
Replicate 03,RORa,15.6860240513019,10.0740982699182,8.10982253886758,9.00791052685208
Replicate 04,RORa,13.6515356054357,11.2220454399879,10.3804287929834,11.6724833667293
Replicate 05,RORa,14.0820871836394,11.149210407637,11.3585826877532,11.8050190941078
