# This data contains dCt values for IL-2 in Lesion & Tissue cells.
# Cells are defined as Methotrexate & Cyclophosphamide depending on their treatment type.
# Data generated by Lauren Ishikawa
 ,Gene,Lesion Methotrexate,Tissue Methotrexate,Lesion Cyclophosphamide,Tissue Cyclophosphamide
Replicate 01,IL-2,8.48886749619025,12.0801017475649,9.89297258231669,7.80677622317773
Replicate 02,IL-2,6.37183785958529,11.9742242241101,9.0961644936679,8.9101091393465
Replicate 03,IL-2,8.57550250079369,12.4019207150736,9.47146064062786,8.22334565417887
Replicate 04,IL-2,#N/A,11.9708877646304,10.8215139941005,5.78285171834808
Replicate 05,IL-2,10.2075174133264,12.0200827308338,7.54178572561037,8.87071723427007
