@ This data contains dCt values for TGFB in HEK293 & CD25Hi cells.
@ Cells are defined as ZIKV- & ZIKV+ depending on their treatment type.
@ Data generated by Megan Shearer
 ,Gene,HEK293 ZIKV-,CD25Hi ZIKV-,HEK293 ZIKV+,CD25Hi ZIKV+
Replicate 01,TGFB,12.3010504264089,8.82868596249316,12.5313519240854,14.7903220804406
Replicate 02,TGFB,12.0166363768878,9.45545019579719,11.1817851419726,12.6798716319646
Replicate 03,TGFB,12.6356351890289,8.38030395451502,12.016914426501,14.9815681654689
Replicate 04,TGFB,11.8428555464628,7.93647849287907,9.97281695313394,13.6761819988861
Replicate 05,TGFB,14.5938798249521,6.1728216691261,13.1839921503196,14.9943917494545
Replicate 06,TGFB,13.4315320836693,6.27953377193864,15.8483905168395,13.9591796509014
Replicate 07,TGFB,,9.95779700003377,12.4812682867777,13.3978661665047
