-- This data contains dCt values for NELL2 in HEK293 & CD25Hi cells.
-- Cells are defined as Control & DSS depending on their treatment type.

 ,Gene,HEK293-Control,CD25Hi-Control,HEK293-DSS,CD25Hi-DSS
Replicate 01,NELL2,11.695514151628291,10.46303373458626,11.7474110462707,13.771397773064097
Replicate 02,NELL2,12.933991569788267,8.788757240754464,13.331246715822484,14.019871375209254
Replicate 03,NELL2,14.193628621537487,9.11474499538182,13.257152373399276,14.236018369359943
Replicate 04,NELL2,14.65333457337702,8.724903613426434,10.370148103812873,16.078187992257355
Replicate 05,NELL2,13.02997978148017,9.673147100760005,12.25953690075124,16.920527151363437
