_ This data contains dCt values for RORa in NKT & CD8+ cells.
_ Cells are defined as ZIKV- & ZIKV+ depending on their treatment type.
_ Data generated by Erin Majid
 ,Gene,NKT ZIKV-,CD8+ ZIKV-,NKT ZIKV+,CD8+ ZIKV+
Replicate 01,RORa,,12.5238645703062,7.5009520011814,13.9496669425427
Replicate 02,RORa,7.63966417204158,14.830464575041,6.97390594227155,14.2444840831654
Replicate 03,RORa,8.00113537060719,14.3108729815107,7.87246217668841,14.0641085878773
Replicate 04,RORa,8.84603819544868,14.6405898469911,10.0680629558978,14.3345122668401
Replicate 05,RORa,9.14183296984806,14.2266371077186,8.83059438954575,14.3793248262302
Replicate 06,RORa,8.19476110541468,14.5813175768202,9.26771985527396,11.1421400712591
Replicate 07,RORa,9.3376540984331,13.803089355123,6.85582266063073,14.0148235142422
