# This data contains dCt values for IL-17 in Naive & Memory cells.
# Cells are defined as Control & DSS depending on their treatment type.
# Data generated by Kevin Le
 ,Gene,Naive-Control,Memory-Control,Naive-DSS,Memory-DSS
Replicate 01,IL-17,15.506317071308,11.9435749674928,13.3229874296806,11.7349969313316
Replicate 02,IL-17,14.8267913795785,9999,14.0648490367209,11.7532107645973
Replicate 03,IL-17,14.8866795533276,11.8927985282073,13.0379098365059,12.1118604635418
Replicate 04,IL-17,14.0986090421121,10.8847710009778,12.3113456797392,12.8084137051481
Replicate 05,IL-17,13.61750151525,10.3112749144493,11.6693854534392,11.879722495552
Replicate 06,IL-17,13.2362022434619,12.107781183132,12.8432341041565,14.7553817098309
Replicate 07,IL-17,12.377881312509,12.2762076754661,14.1773271923772,12.8094701211947
