// This data contains dCt values for ITGA in Jurkat & CD34+ cells.
// Cells are defined as Methotrexate & Cyclophosphamide depending on their treatment type.

 ,Gene,Jurkat Methotrexate,CD34+ Methotrexate,Jurkat Cyclophosphamide,CD34+ Cyclophosphamide
Replicate 01,ITGA,8.93958195008935,9.14908794328926,14.613848490617162,13.118235240205951
Replicate 02,ITGA,5.910667209483837,8.837353942589179,15.607391254092265,14.140804828292131
Replicate 03,ITGA,9.150185293813436,7.736222646195955,14.636746766650266,11.611343139302194
Replicate 04,ITGA,7.769835007973469,10.964243800447017,15.269346601055272,11.429619194296981
Replicate 05,ITGA,7.1675591636454605,8.171041089097473,14.127869719506068,11.96605447794886
