-- This data contains dCt values for FOXP3 in NKT & CD8+ cells.
-- Cells are defined as ZIKV- & ZIKV+ depending on their treatment type.
-- Data generated by Karen Auyeung
 ,Gene,NKT_ZIKV-,CD8+_ZIKV-,NKT_ZIKV+,CD8+_ZIKV+
Replicate 01,FOXP3,12.8524451168996,11.3583674291479,7.95361158125288,9.88044051602758
Replicate 02,FOXP3,14.5133663895805,10.6621392362537,8.64149695949838,9.52933349479502
Replicate 03,FOXP3,14.8862933144832,11.4198786536381,7.42477260806122,9.6201236299016
Replicate 04,FOXP3,13.8942275854427,9.25246873049541,7.872658775087,9.9564015572023
Replicate 05,FOXP3,9999,10.1034335866286,8.03802545895659,10.5191695346232
Replicate 06,FOXP3,13.4074204074426,10.4445684587133,7.68313717101037,9.02531518482776
