# This data contains dCt values for RORa in PBMC & CD4+ cells.
# Cells are defined as Control & TCM depending on their treatment type.
# Data generated by Jonathan Antista
 ,Gene,PBMC/Control,CD4+/Control,PBMC/TCM,CD4+/TCM
Replicate 01,RORa,10.1355450953144,9.51738210610917,13.0256326103234,8.37239292033624
Replicate 02,RORa,11.6940257619539,9.8381625795289,11.4507235664604,9.267683767438
Replicate 03,RORa,9.97265653395471,8.8992615136901,13.4327824101872,10.7811366307496
Replicate 04,RORa,10.4747751394502,9.32060688104013,13.4981782001044,8.86449804532692
Replicate 05,RORa,11.2251333927981,9.09504281488443,13.0110359858261,9.7170876664676
Replicate 06,RORa,10.5911309474824,7.44733127222694,12.5956606934254,9.71532167934752
Replicate 07,RORa,10.7729999354883,10.6265336193756,13.406765963059,8.95773023941934
Replicate 08,RORa,11.1586510290627,10.4013638660049,#N/A,9.45923245674582
