-- This data contains dCt values for SATB1 in PBMC & CD4+ cells.
-- Cells are defined as Control & TCM depending on their treatment type.
-- Data generated by Aaron Garner
 ,Gene,PBMC:Control,CD4+:Control,PBMC:TCM,CD4+:TCM
Replicate 01,SATB1,11.5048516870666,9.72384404722284,13.8204887473647,8.41980683406603
Replicate 02,SATB1,-,10.1975141323647,15.3714112572664,11.6585355867691
Replicate 03,SATB1,10.0419574528493,8.38782025375535,15.7539226775928,12.3922768341172
Replicate 04,SATB1,8.80857548785936,7.17760675961808,14.3443514019809,9.68053218324921
Replicate 05,SATB1,10.4524186347385,7.5432142778186,13.7776989389263,10.0342792304622
Replicate 06,SATB1,8.55698923624312,9.33814166177782,14.4178388729049,11.9586496317236
