"ensembl_id","mgi_symbol","gene_biotype","logFC","logCPM","FDR"
"1","ENSMUSG00000024924.14","Vldlr","protein_coding",5.83930809651981,8.51001648259445,4.59578900741222e-40
"2","ENSMUSG00000097770.1","Gm26776","lincRNA",-3.97402140123684,9.83901915834597,2.41356214651335e-29
"3","ENSMUSG00000084965.1","Gm13857","transcribed_processed_pseudogene",6.66019048430045,6.4226079405523,6.09288914815415e-29
"4","ENSMUSG00000107350.1","Gm42532","antisense",6.91788773464542,6.30122846089006,6.09555597414526e-27
"5","ENSMUSG00000097139.2","Gm26626","antisense",4.31182730129959,8.15971966554196,6.09555597414526e-27
"6","ENSMUSG00000100799.2","1700027H10Rik","antisense",4.68246219037139,7.40392244354286,1.00136485256394e-26
"7","ENSMUSG00000086541.8","Has2os","processed_transcript",6.45699220280724,6.23826328884013,4.53406019847988e-26
"8","ENSMUSG00000106933.1","Gm43621","TEC",6.62195340848801,6.02995834367747,2.82047480974895e-24
"9","ENSMUSG00000030022.14","Adamts9","protein_coding",3.98018780894374,7.78870806206897,1.32898187072656e-22
"10","ENSMUSG00000091272.1","Gm17641","protein_coding",-3.64095862846069,8.65788532971599,7.12799040833441e-22
"11","ENSMUSG00000079462.1","Gm15737","protein_coding",3.41218946998326,8.93597677707769,1.98010678505908e-21
"12","ENSMUSG00000041698.11","Slco1a1","protein_coding",3.9605998161569,7.5531327743533,2.48123944902785e-21
"13","ENSMUSG00000024713.15","Pcsk5","protein_coding",4.61801087932428,6.46192363012625,2.53558942795637e-21
"14","ENSMUSG00000045968.7","Teddm2","protein_coding",3.39243749305873,9.53859064748797,3.05349138495491e-21
"15","ENSMUSG00000073394.4","Runx2os1","antisense",4.86998051763165,6.49428030591199,3.05349138495491e-21
"16","ENSMUSG00000087411.1","Gm16048","antisense",3.49307139325461,10.2080839281116,5.72934626934181e-21
"17","ENSMUSG00000027242.14","Wdr76","protein_coding",3.40582516798543,8.46958317485332,1.78004398112841e-20
"18","ENSMUSG00000087177.7","E130307A14Rik","processed_transcript",3.39882994789501,8.78517295686409,2.32073448117552e-20
"19","ENSMUSG00000037035.5","Inhbb","protein_coding",-3.17048175230849,9.38736937903926,7.71709642029209e-20
"20","ENSMUSG00000089849.1","Runx2os2","antisense",4.17525119549642,7.04125673181703,7.89846198939437e-20
"21","ENSMUSG00000084244.1","Gm14020","processed_pseudogene",3.33907894672413,8.66573215267873,1.01457841769067e-19
"22","ENSMUSG00000022636.13","Alcam","protein_coding",6.49786970377687,5.37701788811626,2.52053213571632e-19
"23","ENSMUSG00000087263.1","Gm15726","antisense",4.02834635242416,6.64799086304639,3.5784686625344e-19
"24","ENSMUSG00000015750.15","Aph1a","protein_coding",-3.05275202828141,10.3008497251247,4.02159791268485e-19
"25","ENSMUSG00000048636.7","A730049H05Rik","protein_coding",3.26803091078429,8.85617534779015,4.96339024574496e-19
"26","ENSMUSG00000021219.16","Rgs6","protein_coding",-3.79957304837775,6.76825214258802,6.08028541696508e-19
"27","ENSMUSG00000034135.14","Sik3","protein_coding",4.08386746736245,7.12959351792873,1.36933822581139e-18
"28","ENSMUSG00000064137.6","Rhox8","protein_coding",4.55754172644954,6.16342729459468,2.30437594039661e-18
"29","ENSMUSG00000001021.12","S100a3","protein_coding",5.72275391673715,5.54592475821465,3.33429892933917e-18
"30","ENSMUSG00000084984.7","Far1os","antisense",2.94137680122081,9.93738736777717,4.46184817641981e-18
"31","ENSMUSG00000091423.1","Gm17509","protein_coding",3.49836143626774,7.2651389546595,1.24711776631478e-17
"32","ENSMUSG00000032425.15","Zfp949","protein_coding",4.1534743246023,6.19476969631784,1.75219382800362e-17
"33","ENSMUSG00000097250.1","Gm26771","antisense",3.75068321261025,6.65598424794478,2.85786566222227e-17
"34","ENSMUSG00000097781.1","9330136K24Rik","lincRNA",3.39009785925,7.23819349625291,3.02460996135617e-17
"35","ENSMUSG00000047090.13","Tmem198b","protein_coding",4.11047463288762,6.22258965154454,1.41069699653272e-16
"36","ENSMUSG00000090213.1","Tmem189","protein_coding",2.79179110152494,10.1806044731006,2.325774685896e-16
"37","ENSMUSG00000061878.15","Sphk1","protein_coding",5.12734458445867,5.55351153770532,3.84083320035114e-16
"38","ENSMUSG00000002845.14","Tmem39a","protein_coding",3.38640120053141,6.98685971019832,4.36862176761914e-16
"39","ENSMUSG00000109270.1","Gm10584","antisense",4.4059412952483,5.83118011194862,4.93296056716316e-16
"40","ENSMUSG00000025648.17","Pfkfb4","protein_coding",4.7514744420744,5.58163364140229,5.65772071860005e-16
"41","ENSMUSG00000049100.15","Pcdh10","protein_coding",5.71530534527051,5.18544193767883,6.70108425668561e-16
"42","ENSMUSG00000030555.16","Ttc23","protein_coding",3.19378998929819,7.32754015028493,1.35566150906641e-15
"43","ENSMUSG00000106535.1","Gm43031","sense_intronic",3.08527731962055,7.62915558294137,1.49145466546095e-15
"44","ENSMUSG00000097142.1","Gm26778","lincRNA",2.85710485533267,9.0216369507476,1.58677467129223e-15
"45","ENSMUSG00000092323.1","BB365896","antisense",-2.82196322055609,8.53118981259845,4.08467047121183e-15
"46","ENSMUSG00000033715.14","Akr1c14","protein_coding",-3.05457792576051,7.0917900981994,4.6673557162603e-15
"47","ENSMUSG00000061740.7","Cyp2d22","protein_coding",5.08401714035627,5.23275316176366,6.66392550002911e-15
"48","ENSMUSG00000028639.14","Ybx1","protein_coding",2.69072531067547,8.76264813453176,1.87119028925214e-14
"49","ENSMUSG00000108574.1","Gm44981","TEC",3.21117935244815,6.72204073514338,3.83471434798829e-14
"50","ENSMUSG00000073779.7","Lrp8os2","antisense",3.47307321247222,6.27473211124108,5.86144396620348e-14
"51","ENSMUSG00000108871.1","Gm45102","TEC",3.01209057809418,7.45296778729388,6.76026339042464e-14
"52","ENSMUSG00000087113.1","Gm11714","processed_transcript",5.13330088940311,5.01778760470467,1.01717292387357e-13
"53","ENSMUSG00000073856.11","Iqck","protein_coding",2.55862736006877,9.17758759701998,1.87116500075216e-13
"54","ENSMUSG00000072501.4","Phf20l1","protein_coding",3.17024299133877,6.69113869417533,2.34308596466313e-13
"55","ENSMUSG00000029603.15","Dtx1","protein_coding",3.77403116831565,5.97135584095169,3.69677051032729e-13
"56","ENSMUSG00000034209.4","Rasl10a","protein_coding",2.98064380855424,6.9901772253252,4.10629452713739e-13
"57","ENSMUSG00000032080.6","Apoa4","protein_coding",-2.4434763642857,9.83677767589239,4.16792219225146e-13
"58","ENSMUSG00000107439.1","Gm45060","antisense",-3.13801991846303,6.25803192396749,6.77832758259092e-13
"59","ENSMUSG00000039956.8","Mrap","protein_coding",3.78701999468452,5.73351149338294,6.83065985693607e-13
"60","ENSMUSG00000049928.15","Glp2r","protein_coding",2.85820905429342,7.59282066708852,6.91252964758895e-13
"61","ENSMUSG00000089776.1","Gm15684","antisense",2.85500271865009,7.30178360390661,9.24564810355276e-13
"62","ENSMUSG00000086741.1","Gm15816","antisense",-2.70985962497886,7.21623311881089,1.02066235637793e-12
"63","ENSMUSG00000039202.12","Abhd2","protein_coding",3.32277178069511,6.17551877449919,1.02066235637793e-12
"64","ENSMUSG00000040430.18","Pitpnc1","protein_coding",4.75117236302189,4.95521148998976,2.18125644711927e-12
"65","ENSMUSG00000022040.7","Ephx2","protein_coding",2.51150904414037,9.43932307834473,2.23920328689965e-12
"66","ENSMUSG00000038146.7","Notch3","protein_coding",3.33449407563781,6.28083458044975,2.33545238182984e-12
"67","ENSMUSG00000017144.8","Rnd3","protein_coding",5.66304745545107,4.61159547871714,3.14596291329119e-12
"68","ENSMUSG00000021720.10","Rnf180","protein_coding",5.71509850902166,4.68629909850069,3.38398280998374e-12
"69","ENSMUSG00000021614.16","Vcan","protein_coding",2.48162608950971,10.3693348028469,4.12084052069208e-12
"70","ENSMUSG00000085560.2","C230038L03Rik","processed_transcript",-2.29220254923272,10.990553495182,5.37204778416243e-12
"71","ENSMUSG00000096957.1","E230013L22Rik","bidirectional_promoter_lncRNA",5.15943174368279,4.65531750938021,5.62413784144346e-12
"72","ENSMUSG00000097757.1","Gm17518","lincRNA",4.83737489298268,4.75150085566882,1.11297312054006e-11
"73","ENSMUSG00000041324.13","Inhba","protein_coding",-2.42940388381052,8.48283686325446,2.29976644588548e-11
"74","ENSMUSG00000097815.1","Gm26809","lincRNA",2.22913499740487,10.9786976781565,2.70722344762549e-11
"75","ENSMUSG00000050069.3","Grem2","protein_coding",-3.31194949315047,5.53559733300252,3.10613807803148e-11
"76","ENSMUSG00000030759.16","Far1","protein_coding",2.67484660193556,6.98672172802062,4.09886717160525e-11
"77","ENSMUSG00000030623.4","Prss23os","antisense",-2.31454258680514,10.5398189498169,4.68779046616362e-11
"78","ENSMUSG00000097325.2","Gm16897","antisense",2.22955528962716,10.0563943532742,5.92259089629816e-11
"79","ENSMUSG00000055134.5","9130017K11Rik","processed_transcript",4.20931535625509,5.12648396826794,6.94359501305879e-11
"80","ENSMUSG00000020164.7","Kcnmb4os1","antisense",2.70350550545967,6.75870077270153,7.53924681145562e-11
"81","ENSMUSG00000108075.1","Gm45061","TEC",-2.30196927090324,8.91215092010339,7.53924681145562e-11
"82","ENSMUSG00000029377.5","Ereg","protein_coding",4.75868434174826,4.66898576750117,8.20558106729958e-11
"83","ENSMUSG00000102577.1","Gm37969","TEC",-3.38799609975389,5.47737093011582,8.82614960485119e-11
"84","ENSMUSG00000085749.1","Gm12843","antisense",3.63369717294216,5.33949737574986,9.29450252317641e-11
"85","ENSMUSG00000058254.12","Tspan7","protein_coding",-3.25976529984618,5.41714657689425,1.09579431728747e-10
"86","ENSMUSG00000038181.16","Chpf2","protein_coding",2.18631783173875,10.4297236358387,1.17456044684116e-10
"87","ENSMUSG00000052673.1","Gm9887","protein_coding",2.5645138442353,7.4098624631471,1.32331786929492e-10
"88","ENSMUSG00000102605.1","Gm37264","TEC",-3.79950715306486,4.81769503024791,1.61067714861058e-10
"89","ENSMUSG00000044367.7","Slc16a13","protein_coding",4.67562426988595,4.60785584848802,1.63984248144291e-10
"90","ENSMUSG00000019302.16","Atp6v0a1","protein_coding",-2.66971801659702,7.77378708829927,1.9815990038788e-10
"91","ENSMUSG00000020601.7","Trib2","protein_coding",-2.73191631579006,6.32971973588427,2.12306241062077e-10
"92","ENSMUSG00000000049.11","Apoh","protein_coding",2.85573670366647,6.36715697038351,2.40507493086052e-10
"93","ENSMUSG00000047383.7","Als2cr11b","lincRNA",-4.13844199723923,4.35247008456466,3.16964214666403e-10
"94","ENSMUSG00000020592.14","Sdc1","protein_coding",2.76524280084643,6.38935835810662,3.40782546685943e-10
"95","ENSMUSG00000022591.5","Gm9747","protein_coding",-2.10418518025151,10.6590017529519,4.36633303347665e-10
"96","ENSMUSG00000097472.1","Gm26586","antisense",2.10199332827478,10.1976766107965,4.8447544326423e-10
"97","ENSMUSG00000106035.1","Gm43545","TEC",2.39571085529134,7.63985286999788,5.47240445894079e-10
"98","ENSMUSG00000085297.1","Gm11651","antisense",2.93985730625411,5.91680971079547,6.77544818516087e-10
"99","ENSMUSG00000103387.1","1700030I03Rik","TEC",-3.4961079611879,5.09743846851463,8.26733849988535e-10
"100","ENSMUSG00000050953.9","Gja1","protein_coding",-2.22265384993719,9.67420778488382,8.48037888701316e-10
"101","ENSMUSG00000046080.17","Clec9a","protein_coding",-3.08737451997051,5.49149932324131,8.70392221033205e-10
"102","ENSMUSG00000085737.1","Gm13442","antisense",-2.32914376966775,7.88407243422466,9.07036571950629e-10
"103","ENSMUSG00000089635.1","Gm16559","antisense",2.30674579959082,8.03804614730812,9.65248374513549e-10
"104","ENSMUSG00000087341.4","0610040F04Rik","antisense",2.49393268617301,6.9890640184316,1.19640308544651e-09
"105","ENSMUSG00000107810.1","Gm18609","processed_pseudogene",-2.96587743845177,5.5527368199467,1.38204662944767e-09
"106","ENSMUSG00000085996.1","A830012C17Rik","processed_transcript",3.32039804950517,5.29847933407161,1.45000847409185e-09
"107","ENSMUSG00000073702.11","Rpl31","protein_coding",2.50997094390744,6.85500650200039,1.62907190136272e-09
"108","ENSMUSG00000038156.15","Spon1","protein_coding",2.65498830789545,6.34383189172576,1.63302560073518e-09
"109","ENSMUSG00000087639.1","Gm15512","antisense",-2.45336201111595,6.75695046270095,1.65886373027078e-09
"110","ENSMUSG00000032548.14","Slco2a1","protein_coding",4.45663232111186,4.40205049192251,1.76471730605103e-09
"111","ENSMUSG00000086695.1","Gm15247","antisense",3.86359010466151,4.74255843827912,1.89784195102086e-09
"112","ENSMUSG00000085403.1","Gm13068","antisense",2.13146450621961,8.64206914293695,1.93375515302157e-09
"113","ENSMUSG00000040260.7","Daam2","protein_coding",2.56629762048515,6.62118861881314,2.26665273449119e-09
"114","ENSMUSG00000038954.14","Supt3","protein_coding",3.02844802626014,5.64674988249735,2.26665273449119e-09
"115","ENSMUSG00000031099.16","Smarca1","protein_coding",2.42954601390427,6.9264946046495,2.26665273449119e-09
"116","ENSMUSG00000052516.17","Robo2","protein_coding",2.72277574193166,6.40634035587188,2.67676953756023e-09
"117","ENSMUSG00000032274.8","Cyp19a1","protein_coding",-2.69522281841411,6.27580787310313,3.31533603769014e-09
"118","ENSMUSG00000021287.12","Xrcc3","protein_coding",2.17946086971459,7.99878580366646,3.53667827567137e-09
"119","ENSMUSG00000102615.1","Gm37844","TEC",2.76645084904124,6.17724577091002,4.10571260617409e-09
"120","ENSMUSG00000087001.2","Gm15475","antisense",2.81591382462211,5.96033751051455,4.26885400218737e-09
"121","ENSMUSG00000097279.1","Gm5106","antisense",2.5486767105598,6.84839274763054,5.40996847457662e-09
"122","ENSMUSG00000086181.1","C230034O21Rik","antisense",2.83866665521137,5.81608190825982,8.1507178456434e-09
"123","ENSMUSG00000031278.12","Acsl4","protein_coding",2.59883512800288,6.23786406207159,8.34880772599735e-09
"124","ENSMUSG00000106137.1","Gm42538","antisense",1.97332437032097,10.0937892150435,8.85543702575212e-09
"125","ENSMUSG00000040938.16","Slc16a11","protein_coding",2.33637490456789,6.90419032519113,9.05932134300738e-09
"126","ENSMUSG00000028550.15","Atg4c","protein_coding",-3.50586765074494,4.4592350410699,1.01558228365352e-08
"127","ENSMUSG00000046876.15","Atxn1","protein_coding",-3.07591914557197,5.03182931387921,1.04080284952444e-08
"128","ENSMUSG00000026077.15","Npas2","protein_coding",4.25619405143197,4.55746471194696,1.52080153182948e-08
"129","ENSMUSG00000055799.13","Tcf7l1","protein_coding",-2.78787127533674,5.45856923170636,1.69066842858048e-08
"130","ENSMUSG00000084390.1","Gm15425","processed_pseudogene",2.62024785545302,6.49016652410707,1.81808012984168e-08
"131","ENSMUSG00000089972.3","Gm16318","processed_pseudogene",2.97188141897374,5.48934003997982,1.91088537236752e-08
"132","ENSMUSG00000031575.17","Ash2l","protein_coding",2.47889818433445,6.45307046233037,2.02501730203462e-08
"133","ENSMUSG00000072688.2","Gm10399","antisense",3.5384224535285,4.81003664254105,2.02501730203462e-08
"134","ENSMUSG00000032038.6","St3gal4","protein_coding",-2.62825928735365,5.89197237984043,2.14661729629719e-08
"135","ENSMUSG00000020143.15","Dock2","protein_coding",-3.75088606647925,4.2221116890074,2.17032596086835e-08
"136","ENSMUSG00000030096.8","Slc6a6","protein_coding",2.31382072614262,6.73626674200751,2.33402730273208e-08
"137","ENSMUSG00000048120.16","Entpd1","protein_coding",3.18473639475821,5.09492024603021,2.70768061846184e-08
"138","ENSMUSG00000070942.8","Il1rl2","protein_coding",4.51151007600409,4.08435060520719,2.76181117080912e-08
"139","ENSMUSG00000094111.1","Nutf2-ps2","processed_pseudogene",-3.96116346311544,4.04359726481815,3.06184191836479e-08
"140","ENSMUSG00000045538.6","Ddx28","protein_coding",2.58580749062862,6.0174204173618,3.1145607846924e-08
"141","ENSMUSG00000021596.16","Mctp1","protein_coding",-2.16900129395849,7.01273302679912,3.73048414588658e-08
"142","ENSMUSG00000079263.8","Gm6614","protein_coding",3.47539398165026,4.69020556320229,4.5037683407954e-08
"143","ENSMUSG00000032417.10","Rwdd2a","protein_coding",2.096140256379,7.78258479245688,4.9689769497866e-08
"144","ENSMUSG00000027238.16","Frmd5","protein_coding",2.30424741324507,6.59747291810296,5.1359248154146e-08
"145","ENSMUSG00000085440.1","Sorbs2os","antisense",2.67801363411082,5.90652512913807,5.1359248154146e-08
"146","ENSMUSG00000022893.14","Adamts1","protein_coding",2.20141254643692,7.02665932101399,5.29615486925462e-08
"147","ENSMUSG00000026473.15","Glul","protein_coding",2.7353073990508,5.63317734645099,5.29615486925462e-08
"148","ENSMUSG00000085837.8","Kcnmb4os2","antisense",2.45793808794686,6.20577885686711,5.67604318972414e-08
"149","ENSMUSG00000022952.16","Runx1","protein_coding",3.12353352152542,5.05138814386387,6.19114736740295e-08
"150","ENSMUSG00000105813.1","Gm42928","TEC",1.88801036267681,10.1231205219681,7.47849184216643e-08
"151","ENSMUSG00000030041.9","M1ap","protein_coding",3.72147929581378,4.49799234431671,7.70113990449922e-08
"152","ENSMUSG00000087535.1","Zmiz1os1","antisense",2.19638654558748,7.32563624770559,8.02186751831515e-08
"153","ENSMUSG00000102539.1","Gm37229","antisense",4.01521782924452,4.30774302693603,8.02186751831515e-08
"154","ENSMUSG00000030621.17","Me3","protein_coding",-2.58688442854859,5.61799932518619,8.40629550601392e-08
"155","ENSMUSG00000103367.1","Gm38158","processed_pseudogene",3.8070138529526,4.35485669661251,9.17822797668789e-08
"156","ENSMUSG00000040018.9","Cox15","protein_coding",2.03485938491297,7.79915939628185,9.40360145215723e-08
"157","ENSMUSG00000025558.15","Dock9","protein_coding",-2.68429595090448,5.50665179252178,9.99334661667549e-08
"158","ENSMUSG00000015533.8","Itga2","protein_coding",2.62818326047642,5.83485037917208,1.01391201433172e-07
"159","ENSMUSG00000022596.3","Slurp1","protein_coding",3.09538308942229,5.1229993415958,1.01436928939841e-07
"160","ENSMUSG00000085095.2","Gm15635","antisense",-3.14899898174094,4.73214002321142,1.05426797584347e-07
"161","ENSMUSG00000074785.4","Plxnc1","protein_coding",-2.00065073748992,7.54874488334624,1.13514841755404e-07
"162","ENSMUSG00000070315.11","4930581F22Rik","processed_transcript",-1.84816804304206,9.58184632090058,1.17408496674874e-07
"163","ENSMUSG00000048078.16","Tenm4","protein_coding",-2.07437125456856,7.15117814300863,1.17408496674874e-07
"164","ENSMUSG00000008035.12","Mid1ip1","protein_coding",-2.15031322050719,6.74216498429176,1.30152111737028e-07
"165","ENSMUSG00000028603.15","Scp2","protein_coding",2.50130769591182,6.10058468534939,1.62741086988559e-07
"166","ENSMUSG00000104161.1","Gm20089","antisense",2.76248459604237,5.42890440247132,1.63659495530458e-07
"167","ENSMUSG00000050965.14","Prkca","protein_coding",4.15742621396997,4.12854435954864,1.8484226753418e-07
"168","ENSMUSG00000083161.1","Gm11427","unprocessed_pseudogene",2.5989495136676,5.69017089123291,1.8484226753418e-07
"169","ENSMUSG00000039865.8","Slc44a3","protein_coding",2.02168439602892,7.8883029075449,1.87479301105909e-07
"170","ENSMUSG00000084783.1","Gm15419","antisense",2.0117558858304,7.55215886644242,2.08100092483762e-07
"171","ENSMUSG00000031821.11","Gins2","protein_coding",2.04892412520753,7.47302755775934,2.08100092483762e-07
"172","ENSMUSG00000019822.12","Smpd2","protein_coding",1.98703267827208,7.76767368645667,2.66043947377849e-07
"173","ENSMUSG00000032892.14","Rangrf","protein_coding",-2.16570743367458,6.42381415704895,2.87032479028484e-07
"174","ENSMUSG00000104523.1","Gm37335","antisense",1.82019310686381,9.41463592797532,2.91888475475911e-07
"175","ENSMUSG00000099104.1","Gm17087","protein_coding",3.03625011216128,5.0457734549658,2.93244855433235e-07
"176","ENSMUSG00000097262.1","4933416M07Rik","antisense",2.11180910148145,6.81688474333099,2.93244855433235e-07
"177","ENSMUSG00000048200.11","Cracr2b","protein_coding",2.27897613312744,6.2847655569069,3.0644617947831e-07
"178","ENSMUSG00000097288.1","Gm2155","antisense",-2.1035708835871,6.69612247504426,3.16914565287765e-07
"179","ENSMUSG00000082894.1","Gm6480","processed_pseudogene",4.41226065669458,4.02834357047959,3.76852687379179e-07
"180","ENSMUSG00000085731.1","Gm16229","antisense",1.94522004196751,8.58001626848217,3.91117678716405e-07
"181","ENSMUSG00000030930.14","Chst15","protein_coding",4.12213729118091,4.12720057601716,3.98586663089297e-07
"182","ENSMUSG00000041153.9","Osgin2","protein_coding",2.66261124758965,5.55676953839641,4.10978137698112e-07
"183","ENSMUSG00000050737.13","Ptges","protein_coding",-3.04634247402521,4.67549403225422,4.10978137698112e-07
"184","ENSMUSG00000039697.15","Ncoa7","protein_coding",2.55660567230988,5.60609840962934,4.43788485201722e-07
"185","ENSMUSG00000086043.1","Gm12473","antisense",-1.76506122259031,9.16294653898438,4.60150861018221e-07
"186","ENSMUSG00000028967.10","Errfi1","protein_coding",3.27336783560024,4.5629301265512,4.78747923848288e-07
"187","ENSMUSG00000035495.15","Tstd2","protein_coding",2.34785257587463,6.04433774254826,5.22020226720659e-07
"188","ENSMUSG00000072663.12","Spef2","protein_coding",-2.02289959379354,7.50918168604512,5.60236936444916e-07
"189","ENSMUSG00000031574.7","Star","protein_coding",1.98577675924235,7.13914979966829,5.66271350618577e-07
"190","ENSMUSG00000021196.13","Pfkp","protein_coding",1.74819716632326,9.3803569123441,7.09640368122697e-07
"191","ENSMUSG00000097501.1","Gm26536","lincRNA",2.03898683948898,6.95470768643322,7.26356435112214e-07
"192","ENSMUSG00000055430.4","Nap1l5","protein_coding",-1.89582939780296,7.46708181462858,7.28701965827818e-07
"193","ENSMUSG00000055723.5","Rras2","protein_coding",3.51319429777971,4.28401991078148,7.64045961434216e-07
"194","ENSMUSG00000089821.1","Efhd1os","antisense",2.19502889720282,6.66195231133613,7.80943116737179e-07
"195","ENSMUSG00000074782.3","4833422C13Rik","antisense",2.71090884661298,5.13647993343209,8.70667754461286e-07
"196","ENSMUSG00000092286.1","Dtnbos","antisense",2.51079288114691,5.67131868074732,8.75693188896283e-07
"197","ENSMUSG00000043541.16","Casc1","protein_coding",2.52683095563497,5.49938148673982,9.05801162237822e-07
"198","ENSMUSG00000027737.10","Slc7a11","protein_coding",1.85672618728448,7.78990145479025,9.36784437932822e-07
"199","ENSMUSG00000079671.8","2610203C22Rik","processed_transcript",-3.45729588030745,3.94736024098888,9.84997947819833e-07
"200","ENSMUSG00000048351.14","Coa7","protein_coding",-2.16234425974852,6.10294148172945,9.86239142810231e-07
"201","ENSMUSG00000005237.14","Dnah2","protein_coding",-2.42505651948776,5.61599491475293,9.97378748963201e-07
"202","ENSMUSG00000092258.1","Gm20444","processed_transcript",-2.54827238794906,5.16195193238819,1.01054800813638e-06
"203","ENSMUSG00000104443.1","4932442E05Rik","TEC",1.80376203156982,8.26959579998607,1.08867515883374e-06
"204","ENSMUSG00000093510.1","Vmn2r-ps21","unprocessed_pseudogene",-2.2975316888081,6.28541899952536,1.19740405347172e-06
"205","ENSMUSG00000017167.6","Cntnap1","protein_coding",1.92084337124636,7.51832629103027,1.21834964591563e-06
"206","ENSMUSG00000099648.1","Gm5975","processed_pseudogene",-3.96966919042652,3.56376642920367,1.29224402812393e-06
"207","ENSMUSG00000029859.6","Epha1","protein_coding",2.08972773821714,6.61935248576576,1.52876482835639e-06
"208","ENSMUSG00000022180.6","Slc7a8","protein_coding",2.29601368768494,6.03745410664116,1.53787691958579e-06
"209","ENSMUSG00000103789.1","Gm10129","TEC",-2.11177175809708,6.14125222468644,1.67676278007433e-06
"210","ENSMUSG00000098609.1","Anxa11os","antisense",2.39186486014895,5.70706409099963,1.69962577854289e-06
"211","ENSMUSG00000085550.1","Gm15658","antisense",1.81674133310119,8.73546384020002,1.79674905451151e-06
"212","ENSMUSG00000087466.3","A330041J22Rik","antisense",1.77942586356586,8.48955409027593,1.82296696799141e-06
"213","ENSMUSG00000086241.2","4930483K19Rik","antisense",1.82284411131984,8.10551249750657,1.87390483197485e-06
"214","ENSMUSG00000097837.1","Gm26794","lincRNA",-1.79465673812144,8.5805014456159,1.93254058334977e-06
"215","ENSMUSG00000102882.1","Gm2065","TEC",2.06203575400457,6.61725325484793,1.99788779779446e-06
"216","ENSMUSG00000051341.5","Zfp52","protein_coding",2.85043695488628,4.84045228005535,2.00184477861491e-06
"217","ENSMUSG00000032036.15","Kirrel3","protein_coding",-1.76348350092287,8.5637763365567,2.01649632540156e-06
"218","ENSMUSG00000092035.8","Peg10","protein_coding",3.53357309585323,4.09614727708991,2.11123018663589e-06
"219","ENSMUSG00000030708.14","Dnajb13","protein_coding",1.94333725052343,7.16720638803851,2.17028467862852e-06
"220","ENSMUSG00000031465.6","Angpt2","protein_coding",-1.8104387255353,8.04888983672009,2.21008641067383e-06
"221","ENSMUSG00000038268.4","Ovca2","protein_coding",3.38590840559389,4.16327295136798,2.21040715864947e-06
"222","ENSMUSG00000024529.13","Lox","protein_coding",3.57163876778667,4.1409945245455,2.3448503013471e-06
"223","ENSMUSG00000097417.1","Gm26669","lincRNA",1.72307085244059,9.57457947512316,2.3448503013471e-06
"224","ENSMUSG00000032332.17","Col12a1","protein_coding",4.5810685119644,3.66577973673846,2.51925446514221e-06
"225","ENSMUSG00000056492.5","Adgrf5","protein_coding",2.69403590889759,5.16896037112649,2.64627561154026e-06
"226","ENSMUSG00000097454.1","Gm26892","lincRNA",-2.4318945595778,5.9240594259972,2.65072360390639e-06
"227","ENSMUSG00000009628.14","Tex15","protein_coding",-2.28813748241049,5.77165957563763,2.69146132159158e-06
"228","ENSMUSG00000019984.16","Med23","protein_coding",2.15400270911556,6.19493571905992,3.40338930890951e-06
"229","ENSMUSG00000030159.15","Clec1b","protein_coding",-4.73721196064579,3.11243074805445,3.6187691367124e-06
"230","ENSMUSG00000100143.1","C030027H14Rik","antisense",4.53439148707138,3.62495708233316,3.64512696044982e-06
"231","ENSMUSG00000107736.1","Gm44148","lincRNA",4.63088980806258,3.74117832201243,3.80462009673494e-06
"232","ENSMUSG00000031870.16","Pgr","protein_coding",3.38751045812165,4.52922836134193,3.9686077169148e-06
"233","ENSMUSG00000067085.1","Gm10197","protein_coding",1.94044475744327,6.88355387417289,3.99342114117533e-06
"234","ENSMUSG00000044147.7","Arf6","protein_coding",2.09863762423414,6.18409347284873,4.01595858715558e-06
"235","ENSMUSG00000086841.1","2410006H16Rik","processed_transcript",2.20033804804941,5.88651229360119,4.69609346740805e-06
"236","ENSMUSG00000046456.14","Tmem150b","protein_coding",1.81256174323677,7.44354797944091,5.1356543044659e-06
"237","ENSMUSG00000104535.1","Gm42686","TEC",3.71597368588306,4.08237433491828,5.51984812032071e-06
"238","ENSMUSG00000028364.15","Tnc","protein_coding",-1.63090069008798,9.51775157505954,5.62685675659849e-06
"239","ENSMUSG00000082990.1","Gm14052","processed_pseudogene",3.22411578916454,4.42602808069234,5.73871806141674e-06
"240","ENSMUSG00000097491.1","Gm2366","antisense",-1.64420490223007,10.7738180487997,5.76217131358257e-06
"241","ENSMUSG00000031963.7","Bmper","protein_coding",2.64884956471183,4.85669507833342,6.0553580350719e-06
"242","ENSMUSG00000056501.3","Cebpb","protein_coding",2.27925039819339,5.65273319692007,6.10764563489106e-06
"243","ENSMUSG00000032051.8","Fdx1","protein_coding",2.17248099056942,6.00075147207643,6.25645550881724e-06
"244","ENSMUSG00000026547.15","Tagln2","protein_coding",3.87151848482927,3.91479850252218,6.27570580908045e-06
"245","ENSMUSG00000084967.1","Gm12296","processed_transcript",-2.25093217390347,5.96537578204828,6.55378744800105e-06
"246","ENSMUSG00000083849.1","Gm13477","processed_pseudogene",2.24420449960533,6.21161230320984,6.77165613951732e-06
"247","ENSMUSG00000040407.17","Akap9","protein_coding",1.61287890248806,9.02126009381741,6.9043399115525e-06
"248","ENSMUSG00000060862.9","Zbtb40","protein_coding",-2.50413616637694,4.79175717258361,7.15478058343915e-06
"249","ENSMUSG00000021624.9","Cd180","protein_coding",1.76479946063026,7.79860590586246,7.26054751078694e-06
"250","ENSMUSG00000086648.1","Gm15511","antisense",2.23906376289306,5.94700410662157,7.29401554433893e-06
"251","ENSMUSG00000089453.1","Gm24224","misc_RNA",2.932327613008,4.66944998209216,7.31786726118117e-06
"252","ENSMUSG00000086527.1","Gm15856","antisense",2.46763659945526,5.33783578413884,7.35058978240238e-06
"253","ENSMUSG00000091906.2","1700099I09Rik","antisense",1.77099717152078,7.82559673187782,7.43373244100045e-06
"254","ENSMUSG00000106106.2","Rn18s-rs5","rRNA",1.72075391289919,15.6534067931595,7.55307035272186e-06
"255","ENSMUSG00000078627.9","March10","protein_coding",-2.78810687375606,4.23167422867922,7.98292825112518e-06
"256","ENSMUSG00000001751.9","Naglu","protein_coding",-2.63215658530081,4.47483665780792,9.04299106184829e-06
"257","ENSMUSG00000035021.13","Baz1a","protein_coding",2.43981388098441,5.13899352330399,9.14656759139272e-06
"258","ENSMUSG00000097072.7","Foxl2os","processed_transcript",-1.79252794629888,6.95158773289337,9.41910593550293e-06
"259","ENSMUSG00000044674.6","Fzd1","protein_coding",3.12400132761635,4.30684547070387,9.9104666106875e-06
"260","ENSMUSG00000097762.1","4732463B04Rik","lincRNA",3.83952291986532,3.91830620297549,9.91172879098331e-06
"261","ENSMUSG00000072844.6","G530011O06Rik","processed_transcript",3.46795905044356,4.08136412957184,1.0016690885333e-05
"262","ENSMUSG00000027931.12","Npr1","protein_coding",2.71819084306921,4.92528654323513,1.02138036666548e-05
"263","ENSMUSG00000045763.7","Basp1","protein_coding",2.42862541819185,5.25477867070085,1.03529596717229e-05
"264","ENSMUSG00000038264.7","Sema7a","protein_coding",-2.27242914089557,5.27769160606687,1.05039840877775e-05
"265","ENSMUSG00000038128.6","Camk4","protein_coding",1.81564687033463,6.98538218165898,1.05432716807324e-05
"266","ENSMUSG00000101144.2","Gm29054","processed_transcript",2.0526093439904,6.07516145071405,1.05432716807324e-05
"267","ENSMUSG00000021319.6","Sfrp4","protein_coding",1.89814474616723,6.97974430042933,1.1380031588061e-05
"268","ENSMUSG00000085091.1","Egfros","antisense",1.82647851300541,7.05437538061365,1.31001647501746e-05
"269","ENSMUSG00000048617.16","Rtbdn","protein_coding",3.40873329091272,4.01803265074522,1.33063806115768e-05
"270","ENSMUSG00000105391.1","Gm43401","antisense",3.34538326823122,4.19424929595333,1.33063806115768e-05
"271","ENSMUSG00000079076.1","Gm3086","protein_coding",2.80915730037415,4.54693881915825,1.52779845343662e-05
"272","ENSMUSG00000021067.7","Sav1","protein_coding",2.5391029614705,5.01092446805729,1.55171821045164e-05
"273","ENSMUSG00000001741.12","Il16","protein_coding",3.11100426915461,4.33136677041601,1.56814011108073e-05
"274","ENSMUSG00000052430.15","Bmpr1b","protein_coding",-2.0772042847742,5.62009362143244,1.83094290944625e-05
"275","ENSMUSG00000067336.6","Bmpr2","protein_coding",-1.66753520628146,7.9632818203647,1.90487178367505e-05
"276","ENSMUSG00000089759.7","3632454L22Rik","processed_transcript",-3.40515570939405,3.65631590725622,1.91819842629413e-05
"277","ENSMUSG00000039801.6","2410089E03Rik","protein_coding",2.17217318503808,5.59756994144135,1.95102186866591e-05
"278","ENSMUSG00000092405.1","Gm20402","antisense",-1.55733838517593,9.75456044217426,1.97079613394186e-05
"279","ENSMUSG00000064068.13","Mtx1","protein_coding",1.62473912523376,8.11998476858824,2.04093583654479e-05
"280","ENSMUSG00000033066.15","Gas7","protein_coding",2.58653991809509,4.74457136296841,2.07709821444857e-05
"281","ENSMUSG00000086900.1","Kcnab3os","antisense",1.99353197371145,6.33823063948399,2.0792895363464e-05
"282","ENSMUSG00000104388.1","Gm37033","TEC",-2.33836693161586,4.88196797114898,2.13317070484749e-05
"283","ENSMUSG00000028467.15","Gba2","protein_coding",1.5975313776847,8.37806664109772,2.16750839003102e-05
"284","ENSMUSG00000026211.17","Obsl1","protein_coding",-1.57131733120624,8.37232004159552,2.23560493703049e-05
"285","ENSMUSG00000049775.16","Tmsb4x","protein_coding",2.40495424433227,5.10094991861878,2.32678463806911e-05
"286","ENSMUSG00000064310.10","Zpld1","protein_coding",2.46192141692846,4.95755419870405,2.32678463806911e-05
"287","ENSMUSG00000092268.1","Gm20540","processed_transcript",2.65757189851076,4.59156107423007,2.33797740096495e-05
"288","ENSMUSG00000084997.7","Gm15471","processed_transcript",1.79217880553862,6.91158419810276,2.37095158560145e-05
"289","ENSMUSG00000031431.13","Tsc22d3","protein_coding",2.61318010313966,4.81990059573753,2.46411721298991e-05
"290","ENSMUSG00000030854.16","Ptpn5","protein_coding",2.17742084073287,5.47410834845347,2.46411721298991e-05
"291","ENSMUSG00000087644.1","Gm14703","antisense",-2.31220459506793,4.89088521828717,2.46534493733468e-05
"292","ENSMUSG00000092071.1","A230065N10Rik","antisense",-2.0074569752595,5.90790595896993,2.53138794091149e-05
"293","ENSMUSG00000032078.16","Zpr1","protein_coding",2.83499192628921,4.43696048652711,2.56512667093853e-05
"294","ENSMUSG00000020598.15","Nrcam","protein_coding",2.89725568826563,4.38048603824805,2.68199856061318e-05
"295","ENSMUSG00000023988.8","Bysl","protein_coding",1.74726630921743,7.28831150730856,2.68360958416368e-05
"296","ENSMUSG00000028633.7","Ctps","protein_coding",2.41415980430528,4.91096372134424,2.68429247279994e-05
"297","ENSMUSG00000001131.11","Timp1","protein_coding",3.67209418917117,3.74963549523297,2.71876816289296e-05
"298","ENSMUSG00000031502.10","Col4a1","protein_coding",1.92991589356686,6.23879165513521,2.7282397275277e-05
"299","ENSMUSG00000035983.4","Gm7008","protein_coding",1.57715204723096,8.5810883253528,2.74153121550318e-05
"300","ENSMUSG00000018893.14","Mb","protein_coding",2.38898595269046,5.30240331445432,3.10922070111522e-05
"301","ENSMUSG00000031785.15","Adgrg1","protein_coding",-2.66189814216969,4.18114145205564,3.38215392613926e-05
"302","ENSMUSG00000049539.2","Hist1h1a","protein_coding",-1.9453006977051,5.79417468677563,3.39771306805554e-05
"303","ENSMUSG00000102819.1","Gm37817","TEC",3.66300499953935,3.72597479612442,3.41220890393068e-05
"304","ENSMUSG00000019301.5","Hsd17b1","protein_coding",-1.96424257959519,5.74641771732223,3.46365126817672e-05
"305","ENSMUSG00000052105.16","Mtcl1","protein_coding",-2.73769555775123,4.06462276915781,3.56191333146982e-05
"306","ENSMUSG00000032040.15","Dcps","protein_coding",-1.64117919014487,7.1782081521143,3.57499671638375e-05
"307","ENSMUSG00000107379.1","Gm43126","antisense",-1.51337558862122,8.91230743258289,3.60804499585246e-05
"308","ENSMUSG00000083386.1","Gm15426","processed_pseudogene",3.64813012320525,3.71371909137197,3.65001944124918e-05
"309","ENSMUSG00000061731.9","Ext1","protein_coding",-1.74868411421049,6.74930294415351,3.86614726040198e-05
"310","ENSMUSG00000041959.14","S100a10","protein_coding",2.47994418088141,4.76672096983436,3.96819382592817e-05
"311","ENSMUSG00000038578.15","Susd1","protein_coding",-2.44948711442188,4.5675678680398,4.02090879283064e-05
"312","ENSMUSG00000085754.7","Gm15886","antisense",1.50848094442293,9.66179405872847,4.02090879283064e-05
"313","ENSMUSG00000018581.15","Dnah11","protein_coding",-1.65168851632358,7.0433812981066,4.02896271914326e-05
"314","ENSMUSG00000107682.1","Gm43918","antisense",2.93809411543078,4.30668299497634,4.05591879279389e-05
"315","ENSMUSG00000086487.1","Gm11638","processed_transcript",-2.49002281743055,4.39445541481224,4.08771597286683e-05
"316","ENSMUSG00000105569.1","Gm44450","miRNA",-1.72663425166763,6.62879609407016,4.09987518485533e-05
"317","ENSMUSG00000056749.7","Nfil3","protein_coding",4.27402708304311,3.40741613816002,4.15620435651446e-05
"318","ENSMUSG00000098362.1","Mir130c","miRNA",-1.84380625667553,6.23985566977729,4.25066481908628e-05
"319","ENSMUSG00000022894.5","Adamts5","protein_coding",-2.9359222346067,3.79515614663952,4.27805331587833e-05
"320","ENSMUSG00000027496.15","Aurka","protein_coding",2.19272780658153,5.27973566260295,4.34989736934299e-05
"321","ENSMUSG00000075254.11","Heg1","protein_coding",2.00603721202826,5.75822920846606,4.47434656213312e-05
"322","ENSMUSG00000055447.18","Cd47","protein_coding",2.68314395798051,4.39306830251486,4.63315084016555e-05
"323","ENSMUSG00000052446.16","Zfp961","protein_coding",2.23381800299197,5.32554751343773,4.6548391726388e-05
"324","ENSMUSG00000097862.1","Gm26859","lincRNA",-1.68258341987901,6.77849758072375,4.74413847363833e-05
"325","ENSMUSG00000074934.3","Grem1","protein_coding",-1.89463114268087,5.96252395123275,4.7792824227698e-05
"326","ENSMUSG00000037709.13","Fam13a","protein_coding",-2.04353684268204,5.45643818742867,4.99765148397441e-05
"327","ENSMUSG00000092274.2","Neat1","lincRNA",1.9757130692751,5.79622196224391,5.09931289577059e-05
"328","ENSMUSG00000085587.1","Gm14493","antisense",-1.41178659575273,11.524992556897,5.12360697396876e-05
"329","ENSMUSG00000012819.15","Cdh23","protein_coding",2.60775813468126,4.93858769283035,5.12360697396876e-05
"330","ENSMUSG00000016494.9","Cd34","protein_coding",2.3032141576671,4.9952779776357,5.20653339100203e-05
"331","ENSMUSG00000072693.2","Gm10401","protein_coding",-1.43093517857267,10.1502156635492,5.24528828807835e-05
"332","ENSMUSG00000108134.1","Gm9560","processed_pseudogene",-2.11552808967878,5.40523421903962,5.35255419591216e-05
"333","ENSMUSG00000032902.1","Slc16a1","protein_coding",-1.98185422810107,5.77753246167673,5.365514131445e-05
"334","ENSMUSG00000001065.14","Zfp276","protein_coding",-1.48572141661933,8.69430009183956,6.03635618881768e-05
"335","ENSMUSG00000097582.1","Gm26527","lincRNA",-1.49733087490766,8.55897710582895,6.05744988424421e-05
"336","ENSMUSG00000108033.1","Gm44284","antisense",1.9377315869473,5.94881198870324,6.05744988424421e-05
"337","ENSMUSG00000002997.15","Prkar2b","protein_coding",-1.58294340178639,8.82831707181765,6.22454907209896e-05
"338","ENSMUSG00000086414.2","Gm15645","transcribed_processed_pseudogene",2.0048174707361,5.76617540733925,6.22454907209896e-05
"339","ENSMUSG00000040569.13","Slc26a7","protein_coding",-1.67132551923592,7.57340537699212,6.32232265182874e-05
"340","ENSMUSG00000108353.1","Gm45205","TEC",-2.26191623342168,4.92829503986357,6.34347363003463e-05
"341","ENSMUSG00000105513.1","Gm44409","miRNA",-2.23904710599553,4.95318377132563,6.76260686812686e-05
"342","ENSMUSG00000058546.8","Rpl23a","protein_coding",-1.99725081698186,5.43375440228021,6.82358195480279e-05
"343","ENSMUSG00000024743.14","Syt7","protein_coding",-2.22483379456999,4.88240816950163,7.11532482689641e-05
"344","ENSMUSG00000095061.1","E030018B13Rik","protein_coding",2.35289669408676,4.87696390442199,7.11532482689641e-05
"345","ENSMUSG00000097471.7","5830432E09Rik","antisense",1.53406141719168,7.88071262392456,7.24804606219576e-05
"346","ENSMUSG00000008734.9","Gprc5b","protein_coding",2.33695465373879,4.9275242303158,7.88508662126354e-05
"347","ENSMUSG00000035226.5","Rims4","protein_coding",2.83406514715487,4.19942820998717,7.97329681537074e-05
"348","ENSMUSG00000021241.6","Isca2","protein_coding",3.4781016151143,3.55666791948157,8.08759023216216e-05
"349","ENSMUSG00000022768.15","Ccdc116","protein_coding",3.3829473667205,3.80606489661286,8.25649531570199e-05
"350","ENSMUSG00000033685.13","Ucp2","protein_coding",-1.54295085733159,7.64181733253007,8.31185758811204e-05
"351","ENSMUSG00000021824.12","Ap3m1","protein_coding",1.3866686237185,11.8101750208011,8.63576463550343e-05
"352","ENSMUSG00000035798.13","Zdhhc17","protein_coding",-1.67033145465899,6.72992935672958,8.83931516354811e-05
"353","ENSMUSG00000024091.8","Vapa","protein_coding",1.80982041385672,6.21184611840317,8.88875459326927e-05
"354","ENSMUSG00000100075.1","1700018L02Rik","antisense",1.57928387251838,7.70528655054909,8.88875459326927e-05
"355","ENSMUSG00000011254.16","Thg1l","protein_coding",2.66256413467349,4.28687208709295,9.11210480716956e-05
"356","ENSMUSG00000098977.1","Gm27196","antisense",-1.7813839415376,6.10247325460481,9.2015998810666e-05
"357","ENSMUSG00000044167.6","Foxo1","protein_coding",-2.00197166793858,5.47791978847079,9.4250115786102e-05
"358","ENSMUSG00000061559.15","Wdr61","protein_coding",1.44737636132453,9.35342415536811,9.72069111297878e-05
"359","ENSMUSG00000096947.1","Gm26723","lincRNA",-1.40894167866615,9.69340657771705,9.72069111297878e-05
"360","ENSMUSG00000064330.9","Pde6h","protein_coding",2.44689711179958,4.75309032392783,9.87136110208234e-05
"361","ENSMUSG00000031503.13","Col4a2","protein_coding",2.06597820531814,5.36464435836062,0.000105166102397044
"362","ENSMUSG00000034656.16","Cacna1a","protein_coding",-1.97810637102643,5.44569169610045,0.000105936556836129
"363","ENSMUSG00000028613.14","Lrp8","protein_coding",2.03220512287655,5.41796106158628,0.000110266124577211
"364","ENSMUSG00000027340.15","Slc23a2","protein_coding",2.04478585145739,5.44471890121062,0.000115744654626462
"365","ENSMUSG00000034247.9","Plekhm1","protein_coding",-2.34278110295141,4.50691972266295,0.000118654573613411
"366","ENSMUSG00000108436.1","Gm44851","antisense",4.15278732842682,3.34474023638652,0.000119867233958115
"367","ENSMUSG00000027763.13","Mbnl1","protein_coding",1.99126777138413,5.51267813894903,0.000121586733223336
"368","ENSMUSG00000067455.5","Hist1h4j","protein_coding",-2.61353019703812,3.96013837639557,0.000121903585825655
"369","ENSMUSG00000100954.4","Gm10138","antisense",-1.43496178604693,9.19443283902389,0.000122958681465831
"370","ENSMUSG00000018339.11","Gpx3","protein_coding",2.17785677914335,5.10545486616524,0.000123806092046875
"371","ENSMUSG00000018507.16","Trpv2","protein_coding",2.92449964056202,3.99870365332631,0.000130286126666341
"372","ENSMUSG00000023000.4","Dhh","protein_coding",-2.96189830020334,3.62249077786218,0.000136634051191556
"373","ENSMUSG00000085282.8","Gm15663","processed_transcript",-1.52683131637539,7.46390566258531,0.000137510290969666
"374","ENSMUSG00000026305.15","Lrrfip1","protein_coding",2.60238171116259,4.31610081302135,0.000142464875563494
"375","ENSMUSG00000075463.3","4930594M22Rik","processed_transcript",-1.61832367711691,6.60703168750748,0.000148987115886849
"376","ENSMUSG00000020544.14","Cox11","protein_coding",-1.94448471054912,5.60034605378458,0.000148987115886849
"377","ENSMUSG00000024140.9","Epas1","protein_coding",2.68404064281891,4.17237773266515,0.000150433318428969
"378","ENSMUSG00000041831.15","Sytl3","protein_coding",3.30696064008009,3.72949140154688,0.000150433318428969
"379","ENSMUSG00000041482.16","Piezo2","protein_coding",3.99327392000401,3.17851763224392,0.000150677946051768
"380","ENSMUSG00000034973.16","Dopey1","protein_coding",1.40923958239223,10.2049285586187,0.00015320262460397
"381","ENSMUSG00000089544.1","Gm25837","miRNA",-1.97227077223227,5.25907756504992,0.000157221476327971
"382","ENSMUSG00000103030.1","E330011M16Rik","TEC",1.7832988151377,6.1025268075488,0.000157418234542523
"383","ENSMUSG00000070047.12","Fat1","protein_coding",-1.55728211823272,7.82633463151638,0.000161351409415184
"384","ENSMUSG00000088022.1","Gm22146","misc_RNA",2.3574274809072,4.62967159036934,0.000163279464986834
"385","ENSMUSG00000095930.1","Nim1k","protein_coding",2.50482517057539,4.69141543591495,0.000164747488642107
"386","ENSMUSG00000034981.9","Parm1","protein_coding",2.2580360933271,4.93343519398224,0.000168003486712278
"387","ENSMUSG00000017756.8","Slc12a7","protein_coding",-2.28942132911508,4.44332207974285,0.000187124444309396
"388","ENSMUSG00000097889.1","Gm26541","lincRNA",1.40589369808086,9.23925726367386,0.000189118271120487
"389","ENSMUSG00000056091.12","St3gal5","protein_coding",-2.06086244445307,4.92780190635124,0.000193977770751871
"390","ENSMUSG00000035211.9","Xrra1","protein_coding",1.99493370688616,5.43064110017397,0.000202183104000918
"391","ENSMUSG00000090009.1","Gm16282","antisense",-2.06891033643727,4.85477401981088,0.000202832077769701
"392","ENSMUSG00000105910.1","Gm43539","antisense",3.73189925417177,3.44385812018361,0.000203716530162162
"393","ENSMUSG00000041445.8","Mmrn2","protein_coding",2.53443818396562,4.25051197715835,0.000213330764627761
"394","ENSMUSG00000003452.15","Bicd1","protein_coding",1.82787901705035,5.78027362338933,0.000213330764627761
"395","ENSMUSG00000013483.14","Card14","protein_coding",-1.44948967217333,7.86334810007989,0.000213451333620116
"396","ENSMUSG00000019873.7","Reep3","protein_coding",-1.91868846877786,5.2549814540868,0.000224056643791957
"397","ENSMUSG00000108784.1","4930517G19Rik","TEC",1.61359961361227,6.7761602688766,0.00022632652858664
"398","ENSMUSG00000085160.1","Gm13617","antisense",-3.52151401446297,2.95345102837463,0.000230028502782865
"399","ENSMUSG00000087022.4","9130024F11Rik","processed_transcript",2.38777638347304,4.53124127907577,0.0002328867532494
"400","ENSMUSG00000036940.15","Kdm1a","protein_coding",1.66494374385386,6.41798186056359,0.000235228678911242
"401","ENSMUSG00000104776.1","Gm43691","antisense",1.66214639421587,6.52673120602949,0.000235228678911242
"402","ENSMUSG00000031209.14","Heph","protein_coding",-1.68255354118524,6.16691585198417,0.000249441236308087
"403","ENSMUSG00000003469.9","Phyhip","protein_coding",-3.43558965733738,3.07225770352469,0.000250163495725129
"404","ENSMUSG00000010095.13","Slc3a2","protein_coding",1.77735503059172,5.88431928033578,0.000256285962418451
"405","ENSMUSG00000025355.6","Mmp19","protein_coding",1.50013437799332,7.36537538332014,0.000258252789057109
"406","ENSMUSG00000085414.1","Sspnos","antisense",-1.84911087956044,5.43208341952408,0.000266423192895517
"407","ENSMUSG00000066571.13","4931406P16Rik","protein_coding",-1.93867703867606,5.1763658269523,0.000266423192895517
"408","ENSMUSG00000022687.11","Boc","protein_coding",2.98998275365808,3.87707619182525,0.00027086728237654
"409","ENSMUSG00000085762.1","Lrrc75aos2","antisense",1.48359210536681,7.35333294317286,0.00028273648878859
"410","ENSMUSG00000105924.1","Gm44359","miRNA",-1.37178238985994,8.58126212050261,0.000283364942416817
"411","ENSMUSG00000026360.9","Rgs2","protein_coding",1.50737580911102,7.09065407345553,0.000290585032281622
"412","ENSMUSG00000101751.1","Gm2427","unprocessed_pseudogene",1.97227097052954,5.39652244679404,0.000305730936693201
"413","ENSMUSG00000054889.9","Dsp","protein_coding",-2.11903092145134,4.77150539371012,0.000316287319415364
"414","ENSMUSG00000052593.15","Adam17","protein_coding",1.38659229103265,8.23679552815506,0.000318694805053187
"415","ENSMUSG00000083992.1","Gm11478","processed_pseudogene",4.0729343264426,3.24347022152339,0.000318797523665346
"416","ENSMUSG00000029376.8","Mthfd2l","protein_coding",3.41567304470195,3.54040896963387,0.000335667543249513
"417","ENSMUSG00000097440.1","Gm6277","lincRNA",-2.15315489184822,4.51374032250546,0.000343790086963258
"418","ENSMUSG00000086773.1","Gm16192","antisense",1.88727872678186,5.55432247918716,0.00035390523229507
"419","ENSMUSG00000068085.6","Cyp2d11","protein_coding",3.90121415282689,3.10062175716111,0.0003608695971453
"420","ENSMUSG00000034126.4","Pomt2","protein_coding",-1.70087708861683,5.97824900268168,0.000360873083149638
"421","ENSMUSG00000046314.15","Stxbp6","protein_coding",2.53621946257677,4.17444727116784,0.000363530587711959
"422","ENSMUSG00000091102.1","5830462I19Rik","TEC",-1.27619645767868,11.804174635995,0.000368849436287654
"423","ENSMUSG00000096675.1","Gm24519","snoRNA",-3.45526113369603,2.91773588771631,0.000371726774999624
"424","ENSMUSG00000001313.12","Rnd2","protein_coding",1.45960227165471,7.61120624578266,0.000375830123850106
"425","ENSMUSG00000085055.1","Gm15958","processed_transcript",-1.91397057465588,5.49707165629952,0.00037969272832544
"426","ENSMUSG00000045103.17","Dmd","protein_coding",2.74251542500569,4.00800051936422,0.000392690281368806
"427","ENSMUSG00000015340.10","Cybb","protein_coding",-3.86536902008872,2.7249628544353,0.000396987537799917
"428","ENSMUSG00000035699.7","Slc51a","protein_coding",3.43369282693823,3.56903439070476,0.000407573898741434
"429","ENSMUSG00000109341.1","Gm44556","antisense",2.17201694904783,4.68596167366762,0.000407777629900908
"430","ENSMUSG00000053113.3","Socs3","protein_coding",-2.38170687959793,4.11922690369493,0.000407777629900908
"431","ENSMUSG00000059970.6","Hspa2","protein_coding",3.00741118583235,3.65965094149455,0.000408995688295984
"432","ENSMUSG00000103293.1","Gm5842","processed_pseudogene",2.17922558155774,4.81949809845096,0.000408995688295984
"433","ENSMUSG00000074284.6","Gm10658","processed_transcript",1.48268023433451,7.18807837941648,0.0004150062887481
"434","ENSMUSG00000084978.1","Gm11655","antisense",2.207470356822,4.91835656527196,0.000418979685875617
"435","ENSMUSG00000104283.1","Gm37459","antisense",-1.8834426402111,5.1525343027216,0.000424347589510102
"436","ENSMUSG00000028612.10","Lrp8os1","antisense",2.68092620592018,4.12376033805069,0.00042497405363117
"437","ENSMUSG00000069911.10","Fam196b","protein_coding",-3.34341598973319,3.03330374909082,0.000426054977462299
"438","ENSMUSG00000026273.13","Mterf4","protein_coding",-1.42231470690941,7.39221772293952,0.000426054977462299
"439","ENSMUSG00000033863.1","Klf9","protein_coding",3.32601552707829,3.48299885695689,0.000427073909169232
"440","ENSMUSG00000108368.1","Gm45053","TEC",-1.52920729088217,6.72743003536923,0.000428079933121267
"441","ENSMUSG00000034936.2","Arl4d","protein_coding",3.84249660927935,3.05624260220795,0.000430059911114849
"442","ENSMUSG00000097109.1","Gm26580","lincRNA",-1.68263815492379,5.98832660221228,0.00043592080299811
"443","ENSMUSG00000086360.1","Gm16214","antisense",1.80651897398526,5.89550614859536,0.000436965162086204
"444","ENSMUSG00000036553.16","Sh3tc1","protein_coding",-3.29803961628643,3.13964607020401,0.000436965162086204
"445","ENSMUSG00000064057.12","Scgb3a1","protein_coding",-2.82465179385418,3.41446889989559,0.000439908976970404
"446","ENSMUSG00000055302.5","Mrfap1","protein_coding",1.68304953759464,6.02745391206366,0.00044957682178523
"447","ENSMUSG00000053121.3","Gm5129","protein_coding",2.82537767802363,3.94497602108826,0.000452881183508764
"448","ENSMUSG00000008540.11","Mgst1","protein_coding",1.77270755218992,5.95149585073806,0.000464911421123171
"449","ENSMUSG00000028278.14","Rragd","protein_coding",2.41497983948271,4.28120327760777,0.000468848172318449
"450","ENSMUSG00000099311.1","Mir6244","miRNA",1.62737479165057,6.21470152071124,0.000470896344506487
"451","ENSMUSG00000031849.8","Comp","protein_coding",-1.73427669521257,5.61821975242749,0.000477512257406523
"452","ENSMUSG00000020917.17","Acly","protein_coding",1.52889491650968,6.69007337281949,0.000478540002725166
"453","ENSMUSG00000064325.3","Hhip","protein_coding",3.85875332828863,3.07022316914465,0.000480777549103553
"454","ENSMUSG00000100113.1","Gm28592","lincRNA",1.81102818802088,5.51813198893239,0.000504268518306991
"455","ENSMUSG00000004815.12","Dgkq","protein_coding",-1.43995406731595,7.05642251056432,0.000513558989993412
"456","ENSMUSG00000021567.14","Nkd2","protein_coding",-2.11415589404682,4.43851902555632,0.000515093945814335
"457","ENSMUSG00000056738.11","A730036I17Rik","lincRNA",-2.93835679650544,3.39221150694985,0.000522294149739374
"458","ENSMUSG00000040521.11","Tsfm","protein_coding",2.73525683208965,3.82097363386737,0.000522949080196174
"459","ENSMUSG00000091479.1","Gm17035","antisense",1.81584243780322,5.67264513329348,0.000526856202949506
"460","ENSMUSG00000031616.7","Ednra","protein_coding",-1.45200388002607,7.16631699103665,0.000574357027225615
"461","ENSMUSG00000064036.15","Mro","protein_coding",-2.50058531019033,3.81472847926897,0.000599934261627105
"462","ENSMUSG00000086998.1","Gm16033","antisense",2.42837465317618,4.20977138525674,0.000601321503160098
"463","ENSMUSG00000087611.1","4930458D05Rik","antisense",1.94379198993766,5.12933747280416,0.000627294847472318
"464","ENSMUSG00000087314.1","Prkag2os2","antisense",-1.42248842994666,7.05270627563721,0.000647137773654137
"465","ENSMUSG00000102905.1","Gm38266","processed_pseudogene",3.27755438630729,3.4269519987842,0.00066958653843709
"466","ENSMUSG00000035458.15","Tnni3","protein_coding",-2.20178919504944,4.24602569063854,0.000677505087799579
"467","ENSMUSG00000041408.16","Wapl","protein_coding",-1.47571975923692,6.93276453913147,0.000677505087799579
"468","ENSMUSG00000085439.1","Rapgef4os1","antisense",-1.74482036826821,5.39978857948817,0.000682954462035966
"469","ENSMUSG00000087047.8","1700110K17Rik","processed_transcript",1.24392267004181,10.1595304591746,0.000687926295571617
"470","ENSMUSG00000037617.11","Spag1","protein_coding",1.92169660307999,5.22096375047841,0.000694639523330941
"471","ENSMUSG00000107884.1","Gm44144","TEC",-1.64929648540298,5.856579652634,0.000702887740118155
"472","ENSMUSG00000051223.14","Bzw1","protein_coding",1.45411594044181,7.37587610265522,0.000739852531199839
"473","ENSMUSG00000052865.5","Gm13619","antisense",-2.024932016512,4.51373048111839,0.000745070688818187
"474","ENSMUSG00000021728.7","Emb","protein_coding",3.86832075565061,3.11729933048553,0.000745506084944797
"475","ENSMUSG00000028125.14","Abca4","protein_coding",-2.47987783983953,4.06135466357013,0.000749734941350989
"476","ENSMUSG00000052397.8","Ezr","protein_coding",1.55820805746005,6.32293428397401,0.000749734941350989
"477","ENSMUSG00000028530.14","Jak1","protein_coding",-1.44678613837302,6.95612367005921,0.000753548501769793
"478","ENSMUSG00000028399.17","Ptprd","protein_coding",-1.5534421726626,6.24813128722906,0.000765289443357595
"479","ENSMUSG00000015850.11","Adamtsl4","protein_coding",1.65563774355015,6.11943675111065,0.000765289443357595
"480","ENSMUSG00000015970.18","Chdh","protein_coding",-1.77622500915296,5.26492220869801,0.000765289443357595
"481","ENSMUSG00000088420.1","Gm22551","snoRNA",-2.52578839587349,3.69417788116169,0.000767048139738773
"482","ENSMUSG00000097640.7","Gm20033","processed_transcript",1.82537279384022,5.3685381708049,0.000770090157995638
"483","ENSMUSG00000028063.15","Lmna","protein_coding",2.740032325893,3.83743340312438,0.000791347311707513
"484","ENSMUSG00000041220.10","Elovl6","protein_coding",-1.51484302352196,6.50720977969987,0.000794631087248479
"485","ENSMUSG00000098482.1","Mir6363","miRNA",2.41662627774722,4.22147931430788,0.000820451959396267
"486","ENSMUSG00000024737.2","Slc15a3","protein_coding",-1.2278117320056,10.5969167061572,0.000830086481036867
"487","ENSMUSG00000031762.6","Mt2","protein_coding",3.43916845126893,3.208495206746,0.000853094662447854
"488","ENSMUSG00000073433.10","Arhgdig","protein_coding",-1.95839372729586,4.87210496279874,0.000899748573587504
"489","ENSMUSG00000086390.7","1810019D21Rik","processed_transcript",2.82191027897757,3.76915906104969,0.000903436925634037
"490","ENSMUSG00000027630.13","Tbl1xr1","protein_coding",2.19737085366536,4.48410385723097,0.000918584692967435
"491","ENSMUSG00000041859.10","Mcm3","protein_coding",-2.1091327152466,4.33925325571045,0.000918584692967435
"492","ENSMUSG00000024019.17","Cmtr1","protein_coding",-1.30193168122083,8.07127689328778,0.000931263462391166
"493","ENSMUSG00000024222.16","Fkbp5","protein_coding",1.52181965505129,6.40988882690035,0.000959609881475614
"494","ENSMUSG00000046550.8","Spin2c","protein_coding",-2.56877964944112,3.66450125773056,0.000963849263349348
"495","ENSMUSG00000032968.4","Inha","protein_coding",-1.30731712417074,8.91099764685427,0.000968097565729959
"496","ENSMUSG00000039910.9","Cited2","protein_coding",1.57526303620168,6.12646394143356,0.0010017844225925
"497","ENSMUSG00000025380.2","Fscn2","protein_coding",2.21835665778847,4.49658372750914,0.00100903910283866
"498","ENSMUSG00000050174.15","Nudt6","protein_coding",2.22192442636193,4.32578694102171,0.001050070437204
"499","ENSMUSG00000026343.6","Gpr39","protein_coding",-2.57096107915831,3.76924590640459,0.00106582876084271
"500","ENSMUSG00000097216.3","4932441J04Rik","processed_transcript",1.23433571714075,10.289444801218,0.00107470399602319
"501","ENSMUSG00000031799.9","Tpm4","protein_coding",1.5395858645684,6.21648447130607,0.00107621885433964
"502","ENSMUSG00000025225.14","Nfkb2","protein_coding",-1.70241948444515,5.45875281171782,0.00108125868942976
"503","ENSMUSG00000097493.3","9930014A18Rik","processed_transcript",-1.28394715826037,8.4452298577357,0.00108605329963825
"504","ENSMUSG00000086546.1","Gm13709","antisense",-2.39330786902843,3.95536357907507,0.00109039833346983
"505","ENSMUSG00000033849.3","B3galt2","protein_coding",1.32593807830492,9.1835665526699,0.00109973649170992
"506","ENSMUSG00000015143.14","Actn1","protein_coding",2.31839496893039,4.06766248526293,0.00111656753694349
"507","ENSMUSG00000024135.9","Srbd1","protein_coding",-2.3494770015898,4.04430640077188,0.00112865387492275
"508","ENSMUSG00000048191.15","Muc6","protein_coding",2.87903330775703,3.61742864042176,0.00114920283013602
"509","ENSMUSG00000030850.16","Ate1","protein_coding",1.78489218613818,5.3751320522522,0.00115809751757759
"510","ENSMUSG00000035275.14","Raver2","protein_coding",-1.45086478774692,6.57898953763823,0.0011799116100215
"511","ENSMUSG00000020186.6","Csrp2","protein_coding",-2.00714894431532,4.55906168707183,0.0011799116100215
"512","ENSMUSG00000091160.1","Gm17133","antisense",1.26742729415616,8.37180118206233,0.0011799116100215
"513","ENSMUSG00000043091.8","Tuba1c","protein_coding",1.99931484650225,4.66226388721592,0.00118435452256747
"514","ENSMUSG00000045294.11","Insig1","protein_coding",1.60049020947226,5.91325296764269,0.00119414790410915
"515","ENSMUSG00000074580.11","4931440P22Rik","transcribed_processed_pseudogene",1.52581243416343,6.41946042209841,0.00119772429521161
"516","ENSMUSG00000107040.1","Gm43791","antisense",1.32451771688931,8.35651135297102,0.00122134358921838
"517","ENSMUSG00000018381.15","Abi3","protein_coding",1.8986727992551,5.05742779573839,0.00122134358921838
"518","ENSMUSG00000031451.5","Gas6","protein_coding",-1.876986566507,4.77654557193613,0.001225364773087
"519","ENSMUSG00000002396.8","Ocel1","protein_coding",1.21652885294378,9.33173193751822,0.00126645925791179
"520","ENSMUSG00000021068.15","Nin","protein_coding",1.99630601479854,4.65963416265172,0.00127879754651723
"521","ENSMUSG00000104109.1","Gm30292","lincRNA",-3.70914834956236,2.61633474136736,0.00129954721992839
"522","ENSMUSG00000073096.11","Lrrc61","protein_coding",-1.33494328795773,7.86207343463105,0.00131866069596309
"523","ENSMUSG00000083262.1","Gm14470","processed_pseudogene",-3.73358462365366,2.61832186281029,0.00136450991474212
"524","ENSMUSG00000028416.11","Bag1","protein_coding",1.68123658329418,5.67552264552741,0.00139815247963289
"525","ENSMUSG00000060924.14","Csmd1","protein_coding",-2.33222421357829,3.74670989033527,0.00144875598531062
"526","ENSMUSG00000005615.14","Pcyt1a","protein_coding",1.98830979447581,4.75127868563644,0.00147774735332786
"527","ENSMUSG00000024187.14","Fam234a","protein_coding",-2.03621026438168,4.34553534129311,0.00149066942798446
"528","ENSMUSG00000086399.1","Gm16144","antisense",1.91922256916404,4.90509823429413,0.00149066942798446
"529","ENSMUSG00000026355.11","Mcm6","protein_coding",-1.95374583103109,4.5208771367463,0.00150126214968412
"530","ENSMUSG00000021273.9","Fdft1","protein_coding",-1.40500582053109,6.66289549636233,0.00150126214968412
"531","ENSMUSG00000027276.7","Jag1","protein_coding",2.53632890317018,3.80774403179869,0.00150192025698521
"532","ENSMUSG00000029363.14","Rfc5","protein_coding",1.20045221016335,9.57085495127954,0.00150192025698521
"533","ENSMUSG00000070544.6","Top1","protein_coding",1.38128275386044,7.01380981874219,0.00150192025698521
"534","ENSMUSG00000021130.7","Galnt16","protein_coding",3.70781882191243,2.95050049507796,0.00150192025698521
"535","ENSMUSG00000054556.6","Gm4876","antisense",1.28712522200258,7.95100337056261,0.00150192025698521
"536","ENSMUSG00000084565.1","Mir1901","miRNA",-1.35089504509759,7.59849698173202,0.00151919517694833
"537","ENSMUSG00000035824.6","Tk2","protein_coding",3.0258724839877,3.50383752217172,0.00153155601213218
"538","ENSMUSG00000098026.2","Gm27014","processed_pseudogene",3.45826157434107,3.24264516552958,0.00162698857827706
"539","ENSMUSG00000106203.1","Gm44484","miRNA",-1.19224362771006,9.18734452202227,0.0016471283213527
"540","ENSMUSG00000048578.11","Mlec","protein_coding",-1.45432213568517,6.43835520999027,0.0017260376710749
"541","ENSMUSG00000032323.13","Cyp11a1","protein_coding",1.33398785806826,7.24475700623028,0.00174710832005997
"542","ENSMUSG00000002289.15","Angptl4","protein_coding",2.21102814023224,4.2473752819713,0.00174710832005997
"543","ENSMUSG00000030717.9","Nupr1","protein_coding",2.36320980137806,4.07084914326248,0.0018081507820169
"544","ENSMUSG00000025350.15","Rdh5","protein_coding",2.65287712874638,3.80870537152133,0.0018081507820169
"545","ENSMUSG00000086676.2","Gm14705","antisense",-1.98782424843378,4.34066819556674,0.00184865678991923
"546","ENSMUSG00000026626.11","Ppp2r5a","protein_coding",-1.29877430583605,7.2939342933623,0.00185247150912042
"547","ENSMUSG00000086514.1","Gm11747","antisense",-1.37542064659726,6.68791648467826,0.00186757226485732
"548","ENSMUSG00000038593.18","Tctn1","protein_coding",1.31436064188668,7.46480586558347,0.00186881216635866
"549","ENSMUSG00000097136.1","Gm26772","lincRNA",1.4274355372444,6.82470644192355,0.00186881216635866
"550","ENSMUSG00000087231.7","E230016M11Rik","processed_transcript",1.46818739986167,6.6084480711767,0.00187481319416604
"551","ENSMUSG00000105878.1","Gm44330","miRNA",-1.27258469431961,7.53660551256298,0.00193141912269258
"552","ENSMUSG00000032253.13","Phip","protein_coding",1.40004675881921,6.63434881775185,0.00195026313175902
"553","ENSMUSG00000034416.18","Pkd1l2","protein_coding",2.35784089710771,4.05590732550244,0.00195026313175902
"554","ENSMUSG00000034764.15","1700006J14Rik","processed_transcript",2.82247246177744,3.54375028157634,0.00195952871702477
"555","ENSMUSG00000080878.1","Gm15618","processed_pseudogene",-2.60389501059595,3.42203361210253,0.0019746569828684
"556","ENSMUSG00000073413.9","Ly6g6d","protein_coding",-2.4115698656439,3.60814270427665,0.0020321416536378
"557","ENSMUSG00000087132.7","A930001C03Rik","processed_transcript",1.41750986120016,6.73093059456509,0.00203837402743907
"558","ENSMUSG00000105433.1","Gm44486","miRNA",-1.19917687172308,8.65885685064695,0.00204000616666671
"559","ENSMUSG00000039405.7","Prss23","protein_coding",-2.30247581133178,3.70469529372938,0.00206854941701977
"560","ENSMUSG00000026049.11","Tex30","protein_coding",2.58607079257679,3.6896969822167,0.00214727820216555
"561","ENSMUSG00000039153.16","Runx2","protein_coding",1.61064598365111,5.66346841863214,0.00216490056165169
"562","ENSMUSG00000087178.7","A230056P14Rik","processed_transcript",-1.30668998558848,7.02422845234652,0.00217958784669165
"563","ENSMUSG00000026398.14","Nr5a2","protein_coding",-1.25414462276188,7.83413806162941,0.00217958784669165
"564","ENSMUSG00000071847.12","Apcdd1","protein_coding",3.34542960713301,3.11579790040787,0.00217958784669165
"565","ENSMUSG00000020121.15","Srgap1","protein_coding",3.31377283366692,3.10790539482141,0.00219755878046098
"566","ENSMUSG00000032649.14","Colgalt2","protein_coding",-1.84168370329327,4.80120391232436,0.00220077814844378
"567","ENSMUSG00000020898.18","Ctc1","protein_coding",-2.34792851414858,3.62569617898087,0.00231343890482248
"568","ENSMUSG00000091624.1","Vmn2r9","protein_coding",-1.79766404080088,4.89447303290487,0.00234646456166905
"569","ENSMUSG00000028329.13","Xpa","protein_coding",1.23469196095991,7.96258317850445,0.00236295651297548
"570","ENSMUSG00000020340.16","Cyfip2","protein_coding",-2.12806030779549,4.07471258965999,0.00236414953507747
"571","ENSMUSG00000022003.6","Slc25a30","protein_coding",1.95152655985305,4.61696000617415,0.00237461665677117
"572","ENSMUSG00000102191.1","Gm36569","antisense",1.20439111284193,9.30799318311573,0.00237676324628316
"573","ENSMUSG00000090031.2","4732440D04Rik","antisense",1.67990702652282,5.41830546771849,0.00239814466671154
"574","ENSMUSG00000037418.5","Best1","protein_coding",2.75961943041181,3.72034740211507,0.00240440473682309
"575","ENSMUSG00000013236.16","Ptprs","protein_coding",-1.793567733434,4.74607620053205,0.00240440473682309
"576","ENSMUSG00000059495.13","Arhgef12","protein_coding",1.52006052806977,6.06915473315043,0.00240861337455586
"577","ENSMUSG00000087574.1","C030037D09Rik","lincRNA",1.95241043655236,4.5081198495502,0.00242350104998156
"578","ENSMUSG00000103955.1","Gm37270","TEC",-1.95987620718284,4.32628266683346,0.00245127735841906
"579","ENSMUSG00000087579.7","1500017E21Rik","processed_transcript",1.55427779586507,5.94974595516846,0.00246305955639225
"580","ENSMUSG00000022100.13","Xpo7","protein_coding",-1.76923838726179,4.81605284904728,0.00250240930340086
"581","ENSMUSG00000038844.8","Kif16b","protein_coding",-2.10498297074988,4.04079765399016,0.0025873763059724
"582","ENSMUSG00000019966.17","Kitl","protein_coding",-2.15213812422006,4.20869605393669,0.0025873763059724
"583","ENSMUSG00000051639.3","Gm5812","processed_pseudogene",1.50976066484408,6.31676784481047,0.00259388553414478
"584","ENSMUSG00000032350.8","Gclc","protein_coding",1.76349663853155,5.11918068544179,0.00259388553414478
"585","ENSMUSG00000053749.12","Gm9920","protein_coding",2.05813266069321,4.53804386551766,0.00261089701359332
"586","ENSMUSG00000053931.11","Cnn3","protein_coding",1.52528240522129,5.80501796930547,0.00266866247923388
"587","ENSMUSG00000030207.15","Fam234b","protein_coding",-2.47100103928597,3.4144293320147,0.00266866247923388
"588","ENSMUSG00000027871.16","Hsd3b1","protein_coding",-1.17160809953713,10.0778977262535,0.00266866247923388
"589","ENSMUSG00000004451.14","Ralb","protein_coding",-2.11748632451971,4.11353535231461,0.002797439333201
"590","ENSMUSG00000072809.2","9330160F10Rik","antisense",1.36090950710538,6.72301509847797,0.00279845738240152
"591","ENSMUSG00000097406.1","Gm26833","antisense",2.92387388690962,3.38943209431504,0.00279845738240152
"592","ENSMUSG00000086756.1","Gm14051","antisense",2.97702935978411,3.46749328906838,0.00279870450466064
"593","ENSMUSG00000039431.16","Mtmr7","protein_coding",1.31080837143855,7.20208927799512,0.00282756950310153
"594","ENSMUSG00000001467.5","Cyp51","protein_coding",1.50157910136855,5.95801201321574,0.0028467805398074
"595","ENSMUSG00000024524.16","Gnal","protein_coding",-1.2561593753272,7.21296553227508,0.00290956884859604
"596","ENSMUSG00000079428.8","Tceal7","protein_coding",1.43359350996205,6.27273720766567,0.00295754196315298
"597","ENSMUSG00000085845.7","Gm13944","antisense",-2.08158277015482,3.97851491108726,0.00295910962580694
"598","ENSMUSG00000038733.13","Wdr26","protein_coding",1.71808809177533,5.07468716472629,0.00300133324977331
"599","ENSMUSG00000028970.9","Abcb1b","protein_coding",2.0504184983923,4.46062037413123,0.00305009898296378
"600","ENSMUSG00000080783.1","Gm8250","processed_pseudogene",2.94108822339562,3.45610427719821,0.00306404109243601
"601","ENSMUSG00000029623.14","Pdap1","protein_coding",1.46196447086468,6.09672949083516,0.00306647048597524
"602","ENSMUSG00000101210.1","Gm28720","TEC",-1.73610919348016,4.7468886604771,0.00317971688691426
"603","ENSMUSG00000030255.13","Sspn","protein_coding",-3.40707114600146,2.64607959980919,0.0031986287463033
"604","ENSMUSG00000028188.13","Spata1","protein_coding",-1.33801752873582,6.70304582779015,0.00321395111112518
"605","ENSMUSG00000044933.2","Sstr3","protein_coding",2.31486324066678,4.06726668781758,0.00323812864219236
"606","ENSMUSG00000011114.17","Tbrg1","protein_coding",-1.42495361154176,6.02213557718501,0.00325220630407079
"607","ENSMUSG00000038526.14","Car14","protein_coding",-1.24141739066047,7.2769666907808,0.00325630688616411
"608","ENSMUSG00000031604.10","Msmo1","protein_coding",1.47032387029685,6.13666859863032,0.00325630688616411
"609","ENSMUSG00000087714.1","Gm25827","snRNA",-2.09216962376154,3.93085059353109,0.00327734596684162
"610","ENSMUSG00000041617.10","Ccdc74a","protein_coding",1.78163843348413,4.96887033281181,0.00328540462661394
"611","ENSMUSG00000020078.15","Vps26a","protein_coding",1.73090328101884,4.99633865745736,0.00330610510362983
"612","ENSMUSG00000027878.11","Notch2","protein_coding",1.6399260070682,5.45923097351392,0.00330610510362983
"613","ENSMUSG00000032305.14","Fam219b","protein_coding",1.3642965986405,6.50145510384737,0.00331172716041197
"614","ENSMUSG00000047731.17","Wbp1l","protein_coding",1.68875120213457,5.08595290055268,0.00334040852398632
"615","ENSMUSG00000089781.2","Gm15756","antisense",1.58711712430333,5.65491510343022,0.00334040852398632
"616","ENSMUSG00000042035.11","Igsf3","protein_coding",1.40359089216895,6.38533488252663,0.00335812611161415
"617","ENSMUSG00000039176.17","Polg","protein_coding",-1.26870643526135,7.07409565466016,0.00336098725414185
"618","ENSMUSG00000090293.1","Gm17034","antisense",1.70774633803031,5.23209146801247,0.00336098725414185
"619","ENSMUSG00000021662.9","Arhgef28","protein_coding",-1.76272448591949,4.65262339573545,0.00336154465450739
"620","ENSMUSG00000029311.16","Hsd17b11","protein_coding",2.1471485250346,4.15817307753162,0.00345939251275119
"621","ENSMUSG00000042286.13","Stab1","protein_coding",-1.26228477397807,7.18187673247108,0.00346020257167833
"622","ENSMUSG00000086928.1","Gm14210","lincRNA",3.01657964370259,3.23913577406227,0.00355585586706855
"623","ENSMUSG00000097518.1","Gm26694","lincRNA",-1.17668228718624,8.08591759093994,0.00361499694285949
"624","ENSMUSG00000097643.1","A130051J06Rik","protein_coding",1.28796271713254,6.93451441105613,0.00370635683121396
"625","ENSMUSG00000027016.17","Zfp385b","protein_coding",-2.52477771587782,3.27317920948018,0.00370635683121396
"626","ENSMUSG00000078648.2","Gm17546","protein_coding",2.74770747948563,3.50120017069866,0.00387779014950297
"627","ENSMUSG00000033577.18","Myo6","protein_coding",-1.42808670943402,6.079784480096,0.00387779014950297
"628","ENSMUSG00000105383.4","Gm42641","protein_coding",2.63365706664925,3.62230222867333,0.00389666621838262
"629","ENSMUSG00000059921.15","Unc5c","protein_coding",-1.43121206244238,6.29278053801239,0.00402402256635535
"630","ENSMUSG00000022285.16","Ywhaz","protein_coding",1.64154793147389,5.21611684258972,0.00406117982118748
"631","ENSMUSG00000066687.4","Zbtb16","protein_coding",2.7118943474923,3.47099432367539,0.00406117982118748
"632","ENSMUSG00000027611.12","Procr","protein_coding",2.87864001925304,3.37455682263718,0.00406117982118748
"633","ENSMUSG00000098233.1","Gm26954","antisense",-2.55379677386632,3.18000777113313,0.00406117982118748
"634","ENSMUSG00000097195.8","Snhg5","processed_transcript",3.09918039237528,3.32158975461249,0.00406152933221982
"635","ENSMUSG00000047515.8","BC049715","protein_coding",1.4691953002527,5.91478632346237,0.00406152933221982
"636","ENSMUSG00000027201.16","Myef2","protein_coding",-1.32337510902151,6.41896909660496,0.00420486586750478
"637","ENSMUSG00000075014.1","Gm10800","protein_coding",-2.21862968939648,4.29680468462857,0.00422129229942887
"638","ENSMUSG00000006538.10","Ihh","protein_coding",-2.4116070224594,3.46255980102207,0.00422129229942887
"639","ENSMUSG00000007655.16","Cav1","protein_coding",2.49060213593325,3.66878157705107,0.00425616821786495
"640","ENSMUSG00000033373.16","Fntb","protein_coding",-1.75725569338602,4.79046004288492,0.00430250303386504
"641","ENSMUSG00000039055.4","Eme1","protein_coding",1.11730045255995,9.2987692560761,0.00436344958801159
"642","ENSMUSG00000075525.3","Gm10849","pseudogene",2.40107798524472,3.71483843857668,0.00468424914785062
"643","ENSMUSG00000029310.13","Nudt9","protein_coding",1.75492323028788,4.98820286832548,0.0047145735578841
"644","ENSMUSG00000028141.10","Oaz3","protein_coding",1.18780797781745,7.7242681996726,0.00472719242207426
"645","ENSMUSG00000083748.1","Gm11662","processed_pseudogene",2.92890232222742,3.13436635334494,0.0047630481263421
"646","ENSMUSG00000036617.16","Etl4","protein_coding",1.52337401766016,5.53481396219131,0.0047630481263421
"647","ENSMUSG00000098066.2","Gm26944","antisense",1.27466322664449,6.9245569813558,0.00476851987976348
"648","ENSMUSG00000105109.1","Gm44297","miRNA",-1.08770766680875,9.8148001031195,0.00477861266981065
"649","ENSMUSG00000103301.1","Gm37804","TEC",-1.30810079002585,6.44577010538785,0.00477861266981065
"650","ENSMUSG00000041817.13","Fam169a","protein_coding",1.47176281292622,5.80053848192368,0.00479363092659044
"651","ENSMUSG00000086693.1","A730081D07Rik","processed_transcript",1.56635624110014,5.54013808119843,0.00483051722200823
"652","ENSMUSG00000087365.7","C430049B03Rik","processed_transcript",-1.71821041240063,4.77932315548829,0.00484010352623473
"653","ENSMUSG00000019970.15","Sgk1","protein_coding",1.67860045485161,5.03261608499131,0.00486386873935764
"654","ENSMUSG00000021252.11","0610007P14Rik","protein_coding",-2.6385716143624,3.14512454928728,0.00488864477311666
"655","ENSMUSG00000021868.6","Ppif","protein_coding",3.4917008546206,2.78084884996749,0.00496822569976692
"656","ENSMUSG00000005763.15","Cd247","protein_coding",1.12853125440666,8.64737072468214,0.00500138783615877
"657","ENSMUSG00000085709.1","Gm14211","lincRNA",3.29024701724099,3.10893280270592,0.00506378380741142
"658","ENSMUSG00000087589.3","D430040D24Rik","processed_transcript",-1.50431870739334,5.49822697265084,0.00510130261869194
"659","ENSMUSG00000001985.9","Grik3","protein_coding",-2.85694717307234,2.95117424024698,0.00510130261869194
"660","ENSMUSG00000030067.17","Foxp1","protein_coding",1.87919260783444,4.49379076903959,0.00510130261869194
"661","ENSMUSG00000031871.8","Cdh5","protein_coding",2.7775953684722,3.29342797083851,0.00510130261869194
"662","ENSMUSG00000022673.4","Mcm4","protein_coding",-1.68428489164239,4.77658896145791,0.00510130261869194
"663","ENSMUSG00000056515.8","Rab31","protein_coding",1.87826614583706,4.55640531987332,0.00510130261869194
"664","ENSMUSG00000002109.14","Ddb2","protein_coding",-1.14926942651037,7.99949574734012,0.00522986736871543
"665","ENSMUSG00000021185.15","9030617O03Rik","protein_coding",2.31161510550932,3.82276391093875,0.00523421488423721
"666","ENSMUSG00000074219.2","Gm10644","protein_coding",-1.07482011409064,10.1432483858929,0.00529676746415809
"667","ENSMUSG00000062309.7","Rpp25","protein_coding",3.26431796295212,3.10881791693985,0.00531486362829921
"668","ENSMUSG00000101671.1","Gm28221","antisense",-1.36962918318485,6.15814850584007,0.00534786792259625
"669","ENSMUSG00000104997.1","Gm44350","miRNA",-1.15827459061402,7.84753498330769,0.0053842715587323
"670","ENSMUSG00000018040.9","Rrp7a","protein_coding",-1.21934083364109,7.19755339545874,0.00540667970913261
"671","ENSMUSG00000035239.6","Neu3","protein_coding",-1.86672350513361,4.18839043630053,0.00546609265818321
"672","ENSMUSG00000097526.1","Gm26847","lincRNA",-1.57516288776715,5.08741252115897,0.00549908266669259
"673","ENSMUSG00000109198.1","D7Bwg0826e","TEC",-1.19954015775121,7.50306490749546,0.00551027309304206
"674","ENSMUSG00000090622.1","A930033H14Rik","protein_coding",2.55883304000029,3.30708874658528,0.00555430384913372
"675","ENSMUSG00000022706.15","Mrpl40","protein_coding",2.37408090470156,3.69358658966085,0.00555430384913372
"676","ENSMUSG00000024145.6","Pigf","protein_coding",1.31688182487235,6.52433448426339,0.00555430384913372
"677","ENSMUSG00000034563.16","Ccpg1","protein_coding",-1.50025788763732,5.35470099656471,0.00555917692003646
"678","ENSMUSG00000020108.3","Ddit4","protein_coding",1.99200417864513,4.25271286985882,0.00559147297041119
"679","ENSMUSG00000086312.1","Gm15336","antisense",1.56544603573146,5.37905706382767,0.00559921829018519
"680","ENSMUSG00000028465.16","Tln1","protein_coding",1.24751831646917,6.89024051627777,0.00559921829018519
"681","ENSMUSG00000050553.3","Gk2","protein_coding",3.56311367799725,2.87894192519379,0.00564103655682385
"682","ENSMUSG00000091648.2","C2cd4d","protein_coding",2.43930208639487,3.62959569403949,0.00573948879912613
"683","ENSMUSG00000022018.7","Rgcc","protein_coding",2.82607705096243,3.34672672271529,0.00574885896844411
"684","ENSMUSG00000022560.8","Slc52a2","protein_coding",-2.88435149223254,2.82168030109376,0.00579083558592099
"685","ENSMUSG00000006638.14","Abhd1","processed_transcript",1.14752543168922,8.27467681065787,0.0058664464838415
"686","ENSMUSG00000085958.1","A930019D19Rik","antisense",1.43734213967193,5.96413460829506,0.00595562699821387
"687","ENSMUSG00000050612.5","Txndc2","protein_coding",2.53858078572973,3.52090293651123,0.00596441173799865
"688","ENSMUSG00000067567.12","Hdac8","protein_coding",2.52702488840708,3.4965921258824,0.00596441173799865
"689","ENSMUSG00000029472.13","Anapc5","protein_coding",-1.52486250954379,5.41793689611413,0.00597298264472661
"690","ENSMUSG00000086561.1","Gm15540","antisense",-1.34815477781216,6.04394004968883,0.00597859611748886
"691","ENSMUSG00000022865.13","Cxadr","protein_coding",1.39053756998704,6.0882747177207,0.00605541073446276
"692","ENSMUSG00000053333.15","Dis3l2","protein_coding",-2.63781779402079,3.05750671252986,0.00606951075153161
"693","ENSMUSG00000020262.15","Adarb1","protein_coding",3.46275355199926,2.75823616755034,0.00607241037855107
"694","ENSMUSG00000079138.3","Gm8818","processed_pseudogene",2.63362147059903,3.42635477931283,0.00608402818634353
"695","ENSMUSG00000084911.1","Gm16185","antisense",-1.13651756986662,8.48582758635973,0.00612635889340537
"696","ENSMUSG00000096054.2","Syne1","protein_coding",3.17574855992345,2.98260619049707,0.00614796699934887
"697","ENSMUSG00000028128.13","F3","protein_coding",2.63226561164983,3.39637660101097,0.00614796699934887
"698","ENSMUSG00000087253.1","Gm12043","processed_transcript",1.3070617133328,6.71096417347234,0.00615785561831777
"699","ENSMUSG00000093930.1","Hmgcs1","protein_coding",1.30503924975465,6.47242528527702,0.00619857708281142
"700","ENSMUSG00000023272.3","Creld2","protein_coding",-1.83789525714263,4.33705853927305,0.00638017990479378
"701","ENSMUSG00000034168.6","Irf2bpl","protein_coding",1.5963283203365,5.16262773788816,0.00640442093611678
"702","ENSMUSG00000034751.15","Mast4","protein_coding",1.40606274763351,6.09710071585701,0.00646108056729674
"703","ENSMUSG00000032485.14","Scap","protein_coding",-1.33554885964091,6.19526006020101,0.00646108056729674
"704","ENSMUSG00000096463.1","Gm21750","protein_coding",-1.487038046301,5.29185704118981,0.0065010389399961
"705","ENSMUSG00000036523.16","Greb1","protein_coding",-1.17908993817596,7.44149002779134,0.00651988898784736
"706","ENSMUSG00000097614.1","Gm26508","lincRNA",1.09938897101712,8.98184360601022,0.00664720738543924
"707","ENSMUSG00000105580.1","Gm44454","miRNA",-1.03390983070741,11.0089176187342,0.00667497960330625
"708","ENSMUSG00000001039.12","B9d1","protein_coding",-1.41236841331891,5.67947710970448,0.00670029788417971
"709","ENSMUSG00000041740.16","Rnf10","protein_coding",1.79979185506967,4.48626949587479,0.00680986657545708
"710","ENSMUSG00000022025.13","Lect1","protein_coding",-1.39258253869678,5.84628775486293,0.00687809720992229
"711","ENSMUSG00000070327.14","Rnf213","protein_coding",-1.29667905535386,6.24932394859442,0.00696451084832087
"712","ENSMUSG00000000861.15","Bcl11a","protein_coding",-1.65945414445183,4.70654384859914,0.00702099416394377
"713","ENSMUSG00000027339.15","Rassf2","protein_coding",-2.56608130244986,3.10838565218511,0.00705887611221916
"714","ENSMUSG00000020889.11","Nr1d1","protein_coding",-1.22952935982806,6.78278532661033,0.00705887611221916
"715","ENSMUSG00000030062.7","Rpn1","protein_coding",-1.35278328651508,6.10953502785444,0.00708209368108088
"716","ENSMUSG00000000296.7","Tpd52l1","protein_coding",2.64402354645355,3.40429407416275,0.00708405450475149
"717","ENSMUSG00000103270.1","Gm37915","antisense",-1.17356542105017,7.18161787365464,0.00709378963790801
"718","ENSMUSG00000052632.15","Asap2","protein_coding",1.42056518032798,5.73815416102137,0.00736642282214965
"719","ENSMUSG00000096398.1","Gm23689","miRNA",-1.96819663528556,3.84714966719292,0.00736642282214965
"720","ENSMUSG00000035168.16","Tanc1","protein_coding",-1.38823727067726,5.72607415116547,0.00738620839188285
"721","ENSMUSG00000033792.12","Atp7a","protein_coding",-2.07818166150577,3.67373911341848,0.0076094455948357
"722","ENSMUSG00000047777.9","Phf13","protein_coding",-2.01902734789897,3.8352294107259,0.0076233122670136
"723","ENSMUSG00000032702.16","Kank1","protein_coding",-2.17746736119692,3.56251494390089,0.00764867620332937
"724","ENSMUSG00000022280.8","Rnf19a","protein_coding",1.38262292481861,5.88970355358875,0.00764867620332937
"725","ENSMUSG00000003814.8","Calr","protein_coding",-1.07703487895206,8.96611175748125,0.00767574973696728
"726","ENSMUSG00000032224.14","Fam81a","protein_coding",-3.22301660592294,2.49790498725684,0.00768633579778733
"727","ENSMUSG00000086196.7","Gm13571","antisense",-1.66613467782151,4.69353049098216,0.00770102237095649
"728","ENSMUSG00000031119.4","Gpc4","protein_coding",1.54049839247121,5.46688012323233,0.00779668438317252
"729","ENSMUSG00000095174.1","Gm20069","antisense",3.14731866451064,2.96077383574416,0.00788794552112304
"730","ENSMUSG00000085246.1","Gm15893","antisense",1.14491086567049,7.62486868262573,0.00790237669538242
"731","ENSMUSG00000084878.1","Lrrc8dos","antisense",-1.34581514480385,5.8667101036059,0.00800586305149108
"732","ENSMUSG00000021286.7","Zfyve21","protein_coding",2.88449082763836,3.15573202254797,0.00808306387374316
"733","ENSMUSG00000028601.18","Echdc2","protein_coding",2.03936286415177,4.00051960621948,0.0082150257923274
"734","ENSMUSG00000021944.15","Gata4","protein_coding",-1.53371700169351,4.96526084412162,0.00826839229850949
"735","ENSMUSG00000106440.1","Gm44466","miRNA",-2.89399925014975,2.65087615574614,0.00828342336431204
"736","ENSMUSG00000020793.5","Galr2","protein_coding",2.18091240981586,3.81322115563476,0.00828531284933212
"737","ENSMUSG00000070436.12","Serpinh1","protein_coding",-1.18789435518811,6.9077643910022,0.00856257662322055
"738","ENSMUSG00000034903.18","Cobll1","protein_coding",1.8000180876915,4.47354196886402,0.00856362333956902
"739","ENSMUSG00000020718.12","Polg2","protein_coding",2.83258493554753,3.05999373856472,0.00858060043201617
"740","ENSMUSG00000024750.10","Zfand5","protein_coding",1.47229626827409,5.38422516554995,0.00858060043201617
"741","ENSMUSG00000059173.19","Pde1a","protein_coding",1.92354482962578,4.24387860027883,0.00875712616449969
"742","ENSMUSG00000104608.1","Gm44390","miRNA",-1.23770915323684,6.41565833817352,0.00875712616449969
"743","ENSMUSG00000046058.7","Eid2","protein_coding",2.75989478692433,3.29607082839495,0.00876573529806687
"744","ENSMUSG00000039166.15","Akap7","protein_coding",-1.92368975473456,3.90845083222914,0.0089531810419467
"745","ENSMUSG00000020573.16","Pik3cg","protein_coding",-3.28050068120833,2.58647541634984,0.00896223646071258
"746","ENSMUSG00000038344.14","Txlng","protein_coding",1.17833149956746,7.13583953194288,0.00901416811265959
"747","ENSMUSG00000084970.1","1700060J05Rik","antisense",1.12550176876863,7.73857933159771,0.0091108178988714
"748","ENSMUSG00000021684.16","Pde8b","protein_coding",-1.39473327831317,5.55032233134481,0.00912106948301228
"749","ENSMUSG00000027610.17","Gss","protein_coding",1.71765492735713,4.7821915713023,0.00924812975465643
"750","ENSMUSG00000085178.1","Kdm6bos","antisense",1.18286725801531,7.11045628177345,0.00947187009146586
"751","ENSMUSG00000096953.1","Gm26571","protein_coding",1.32471454251064,6.09023405689993,0.00948661490132268
"752","ENSMUSG00000106281.1","Gm44346","miRNA",-1.12277732839944,7.40515121381303,0.0094928607578479
"753","ENSMUSG00000002147.18","Stat6","protein_coding",1.67384935636634,4.72852710717664,0.00952630688649127
"754","ENSMUSG00000069793.11","Slfn9","protein_coding",-2.37965292219687,3.17618757094767,0.00960231043307698
"755","ENSMUSG00000069662.5","Marcks","protein_coding",1.18061241775686,6.93186874162675,0.00972912804529421
"756","ENSMUSG00000025702.15","March8","protein_coding",1.43550903329598,5.67645420099111,0.00984517706652469
"757","ENSMUSG00000039349.5","C130074G19Rik","protein_coding",-2.5045995907617,3.04515119939686,0.00987290048500513
