-- This data contains dCt values for ITGA in Naive & Memory cells.
-- Cells are defined as Methotrexate & Cyclophosphamide depending on their treatment type.
 ,Gene,Naive_Methotrexate,Memory_Methotrexate,Naive_Cyclophosphamide,Memory_Cyclophosphamide
Replicate 01,ITGA,9.00147418204583,10.7153980021505,13.5523252973606,11.1421181770623
Replicate 02,ITGA,8.36719900965621,11.6294942094374,13.6832420463878,14.152978920953
Replicate 03,ITGA,9.16814198760552,-,15.5030983688646,12.2759641782399
Replicate 04,ITGA,7.81818538849708,11.7482443033541,13.7745485119817,10.7166407345647
Replicate 05,ITGA,8.55322987732185,10.4222497292167,13.9204615423015,12.5144546053175
Replicate 06,ITGA,8.08657932763287,10.1131703002808,14.1335976050169,12.4018365540117
Replicate 07,ITGA,7.90257774122298,10.7081582066096,15.7395823610306,9.78867819661029
Replicate 08,ITGA,7.0490238955966,10.5230496665409,15.2863788296761,11.3228213023793
Replicate 09,ITGA,8.03344398325393,12.2696829411686,15.0068891788332,12.067058931221
Replicate 10,ITGA,8.68311826800264,10.2922168951473,14.4005630512128,12.5801258723833
