# This data contains dCt values for SATB1 in MCF7 & BT549 cells.
# Cells are defined as Control & Transfected depending on their treatment type.
 ,Gene,MCF7_Control,BT549_Control,MCF7_Transfected,BT549_Transfected
Replicate 01,SATB1,11.4864942184675,8.90969521838193,11.8788985963617,9.42748396613482
Replicate 02,SATB1,11.4390151676798,7.72722016229004,9.10449044417202,8.83133864154711
Replicate 03,SATB1,13.0641126829588,8.79249040163519,10.4297450692212,10.6729852594535
Replicate 04,SATB1,13.4739565866035,8.15585418466809,9.33576663801007,10.3371156452716
Replicate 05,SATB1,12.6224027611354,10.117727817273,11.6869822043753,10.289984539336
Replicate 06,SATB1,12.2999420605398,9999,9.679798990145,9.11365117416122
Replicate 07,SATB1,10.9083205203273,10.1554334231895,11.4868486619811,10.445191624014
