@ This data contains dCt values for TGFB in MCF7 & BT549 cells.
@ Cells are defined as Control & TCM depending on their treatment type.

 ,Gene,MCF7_Control,BT549_Control,MCF7_TCM,BT549_TCM
Replicate 01,TGFB,13.6169370854705,8.877168804270848,9.869646047263707,15.694279924156422
Replicate 02,TGFB,11.178802533020269,8.013676306990401,10.761826052232053,14.817868725604857
Replicate 03,TGFB,13.221107815541991,9.371415175426788,12.253092576010394,16.357582265854603
Replicate 04,TGFB,10.63679237133642,10.28456094060194,9.574229752084523,14.255282193041952
Replicate 05,TGFB,12.524032212208134,7.4490349316808615,10.960308186271831,15.378901879642422
