# This data contains dCt values for IL-17 in Liver & Kidney cells.
# Cells are defined as Control & Transfected depending on their treatment type.
 ,Gene,Liver_Control,Kidney_Control,Liver_Transfected,Kidney_Transfected
Replicate 01,IL-17,9.96168756672808,13.2897246587511,10.1247920189819,12.8966399273919
Replicate 02,IL-17,13.2014243472837,14.5502593214536,9.28209338204996,13.0377516712579
Replicate 03,IL-17,11.2301769703823,14.5602997334766,9.48175761886598,13.5158686140067
Replicate 04,IL-17,9.98909273671164,14.0567858389301,11.8091948720337,
Replicate 05,IL-17,10.9354212494889,14.029444786774,9.76318735204827,12.5685421928763
