# This data contains dCt values for IL-2 in CD141+ & CD303+ cells.
# Cells are defined as Methotrexate & Cyclophosphamide depending on their treatment type.
 ,Gene,CD141+_Methotrexate,CD303+_Methotrexate,CD141+_Cyclophosphamide,CD303+_Cyclophosphamide
Replicate 01,IL-2,9.04004739443534,9.48806651530163,9.72662048132335,9999
Replicate 02,IL-2,10.5430831551811,8.07137308971292,11.0139693185463,11.5288148200067
Replicate 03,IL-2,8.68253134561303,4.79104430158688,8.87119582024935,11.7535381299472
Replicate 04,IL-2,10.5342454140445,8.82813647912321,10.877276421446,11.5017205414841
Replicate 05,IL-2,10.0193677513602,9.45643017873748,10.4423382325393,10.3529166667644
Replicate 06,IL-2,8.5537901157354,9.63836646447716,10.4344583463211,11.7422591577702
