# This data contains dCt values for NELL2 in Liver & Kidney cells.
# Cells are defined as Control & TCM depending on their treatment type.

 ,Gene,Liver_Control,Kidney_Control,Liver_TCM,Kidney_TCM
Replicate 01,NELL2,11.477091379927817,13.435359061140524,10.315122801553349,12.174583854640208
Replicate 02,NELL2,13.99155361935488,13.77488244722693,10.244121197973309,13.462907722913236
Replicate 03,NELL2,12.21765192665431,14.76955085384939,10.394452589846898,11.8172513373824
Replicate 04,NELL2,12.806397753727937,13.122574417089613,10.554807059019618,16.579629718061582
Replicate 05,NELL2,12.311191828752087,13.205428022273432,13.194323872114087,11.823677449840861
