_ This data contains dCt values for FOXP3 in MCF7 & BT549 cells.
_ Cells are defined as Control & TCM depending on their treatment type.

 ,Gene,MCF7_Control,BT549_Control,MCF7_TCM,BT549_TCM
Replicate 01,FOXP3,13.673074576160445,13.767419434717544,8.007324769960144,13.147939673144673
Replicate 02,FOXP3,14.145250757411628,12.383777911658008,7.954802937852189,12.733222399356258
Replicate 03,FOXP3,13.77066524146395,12.116291024478736,6.4927154929151785,13.89932503476877
Replicate 04,FOXP3,13.222924592639739,11.849671206502505,10.432534755569412,14.408581150277827
Replicate 05,FOXP3,12.930337594165874,15.396491175839191,8.308635211101747,12.016357293908394
