<!-- This data contains dCt values for RORa in MCF7 & BT549 cells.
<!-- Cells are defined as Methotrexate & Cyclophosphamide depending on their treatment type.
 ,Gene,MCF7_Methotrexate,BT549_Methotrexate,MCF7_Cyclophosphamide,BT549_Cyclophosphamide
Replicate 01,RORa,7.60613236913754,9.38811682193614,13.2737478219569,8.47337340612404
Replicate 02,RORa,9.39519774905131,11.0750744140677,12.1840361714969,8.23138131692354
Replicate 03,RORa,7.13710737842432,12.5219383281197,12.3547303171686,9.88065778465499
Replicate 04,RORa,8.55062219288995,12.3753689315098,12.2832877881716,8.84556608846465
Replicate 05,RORa,8.81027243569315,13.7274076517596,12.9277769831011,7.86448845826607
Replicate 06,RORa,9.62262214398326,12.1393349594566,12.7615379304332,8.60499036489499
Replicate 07,RORa,8.46240877807266,13.4169998442817,13.0269504586061,7.15334126606267
Replicate 08,RORa,10.4979509682897,12.4536537557323,10.7382057103292,7.83580509394907
Replicate 09,RORa,7.94747939419614,14.1215993130841,13.2147150275898,
