_ This data contains dCt values for FOXP3 in MCF7 & BT549 cells.
_ Cells are defined as ZIKV- & ZIKV+ depending on their treatment type.
 ,Gene,MCF7_ZIKV-,BT549_ZIKV-,MCF7_ZIKV+,BT549_ZIKV+
Replicate 01,FOXP3,8.75843362685784,13.5801848400958,11.563666748307,9999
Replicate 02,FOXP3,7.78548371457723,13.2383793215483,11.4902148556261,11.6433248288522
Replicate 03,FOXP3,8.79502302988033,14.2269320879199,11.2643623386317,11.1604936491413
Replicate 04,FOXP3,8.78332871933587,14.5352405809002,11.4388228029723,11.5646342557488
Replicate 05,FOXP3,7.51348065962813,12.8720199897574,12.0678029182518,10.455253880187
