_ This data contains dCt values for SATB1 in Jurkat & CD34+ cells.
_ Cells are defined as ZIKV- & ZIKV+ depending on their treatment type.

 ,Gene,Jurkat_ZIKV-,CD34+_ZIKV-,Jurkat_ZIKV+,CD34+_ZIKV+
Replicate 01,SATB1,9.188813566592655,9.134394248160822,16.72533401943311,8.425280922126142
Replicate 02,SATB1,11.539375001088672,8.835152726346669,15.90865391154968,10.5795141411398
Replicate 03,SATB1,9.934117969537384,10.284383750932168,14.701308683717025,6.960199501519149
Replicate 04,SATB1,9.603478642862282,9.567108711765037,14.099654802170399,9.593905635582956
Replicate 05,SATB1,8.19623862824203,9.313205222785264,15.239997853295762,8.628196580677209
