_ This data contains dCt values for FOXP3 in HeLa & LNCaP cells.
_ Cells are defined as Methotrexate & Cyclophosphamide depending on their treatment type.
 ,Gene,HeLa_Methotrexate,LNCaP_Methotrexate,HeLa_Cyclophosphamide,LNCaP_Cyclophosphamide
Replicate 01,FOXP3,16.1831994559553,12.2713815376795,11.5412598538446,15.7125600818897
Replicate 02,FOXP3,15.4908474454466,11.3440912765591,8.6938813142853,16.1073301626032
Replicate 03,FOXP3,15.4893447912876,13.1735719033123,9.96001075279948,14.5457578457652
Replicate 04,FOXP3,13.3388639718275,10.8556139097256,10.4680792212199,13.6552430046784
Replicate 05,FOXP3,13.4044520346478,12.4566293364179,8.83627944994478,14.1103073308908
Replicate 06,FOXP3,15.8692924475273,12.1128702575092,9.53068173188662,14.338126368562
Replicate 07,FOXP3,13.7695632569417,13.4440771349681,10.3205389413144,14.9183467717342
Replicate 08,FOXP3,14.8018486442782,10.9316442967055,8.93598838090542,9999
