# This data contains dCt values for ITGA in MCF7 & BT549 cells.
# Cells are defined as Methotrexate & Cyclophosphamide depending on their treatment type.
 ,Gene,MCF7_Methotrexate,BT549_Methotrexate,MCF7_Cyclophosphamide,BT549_Cyclophosphamide
Replicate 01,ITGA,15.7145885737774,13.601449102402,,10.7609152064443
Replicate 02,ITGA,14.3995672622586,14.0146982996252,10.8839302586946,10.8620237309765
Replicate 03,ITGA,13.875412273144,13.4781376872504,10.7301482915938,12.5583332219944
Replicate 04,ITGA,15.6221913860246,12.552548162938,12.3021555981662,11.8156212444217
Replicate 05,ITGA,13.1458449395225,13.5349599508845,13.5660175722603,12.326621008185
