# This data contains dCt values for ITGA in Jurkat & CD34+ cells.
# Cells are defined as Control & Transfected depending on their treatment type.
 ,Gene,Jurkat_Control,CD34+_Control,Jurkat_Transfected,CD34+_Transfected
Replicate 01,ITGA,9.82952005918575,11.9271461481787,13.0243780015808,10.841194649693
Replicate 02,ITGA,,12.8613911326252,11.4505912455189,13.1219598114048
Replicate 03,ITGA,11.3940818944376,12.0360704909085,10.5065484560664,11.1052337931854
Replicate 04,ITGA,10.5212630146923,12.1456785092244,11.6750163203923,12.6081352344324
Replicate 05,ITGA,12.0065016003122,11.3097104504382,12.3809514969032,11.4002819180174
Replicate 06,ITGA,11.2240247644361,13.105641131734,13.1417097264014,11.1040947447962
Replicate 07,ITGA,11.2550112517491,13.4081060526825,12.0679144722501,11.383865987161
