@ This data contains dCt values for RORa in NKT & CD8+ cells.
@ Cells are defined as Methotrexate & Cyclophosphamide depending on their treatment type.

 ,Gene,NKT_Methotrexate,CD8+_Methotrexate,NKT_Cyclophosphamide,CD8+_Cyclophosphamide
Replicate 01,RORa,8.208346323058002,14.909055705905063,8.080556981820061,14.027194414194893
Replicate 02,RORa,9.226439337325825,12.91753356504821,8.04589160638735,14.423493705895147
Replicate 03,RORa,8.616516335019949,14.230830025223991,9.707841771164087,13.174169448394641
Replicate 04,RORa,7.005017089953305,14.73175428243514,8.64222857014587,13.230340556375543
Replicate 05,RORa,8.709119602769785,14.03849621856849,8.322115878529322,15.837513792724474
Replicate 06,RORa,8.826764104336204,13.9429367087585,8.70100677651239,15.000433625807958
Replicate 07,RORa,7.025723802994367,13.866227836296126,8.614390076454727,16.062624162052526
Replicate 08,RORa,8.14737485078938,13.915197065532912,8.845626877457887,13.924710912200155
