-- This data contains dCt values for IL-17 in HEK293 & CD25Hi cells.
-- Cells are defined as Methotrexate & Cyclophosphamide depending on their treatment type.
 ,Gene,HEK293_Methotrexate,CD25Hi_Methotrexate,HEK293_Cyclophosphamide,CD25Hi_Cyclophosphamide
Replicate 01,IL-17,7.67899443946417,12.5719853211769,13.1732261840438,7.62516488836025
Replicate 02,IL-17,7.68945527983833,12.4200903636008,11.2128144128474,10.0149775591377
Replicate 03,IL-17,9.46407899084146,12.9525737499216,13.3666541128586,9.38401707627754
Replicate 04,IL-17,8.16908773556025,13.0564532147565,12.7190563092355,8.66883394601205
Replicate 05,IL-17,8.20472470889611,13.2938182906887,13.0752171210106,9.01531681956844
Replicate 06,IL-17,7.61932454005467,11.5932458513703,12.5839398317807,9.04573897768612
Replicate 07,IL-17,10.7892320508684,13.2535060658632,13.2222192036013,#N/A
