<!-- This data contains dCt values for ITGA in Naive & Memory cells.
<!-- Cells are defined as Control & Transfected depending on their treatment type.

 ,Gene,Naive_Control,Memory_Control,Naive_Transfected,Memory_Transfected
Replicate 01,ITGA,11.234584816030685,14.788360084050796,13.645116948043196,9.800531211597772
Replicate 02,ITGA,10.709170876479831,13.975342240133493,13.963359642016453,11.380776112186133
Replicate 03,ITGA,13.176680667059,15.409657496098156,15.778253114505098,9.083367418041531
Replicate 04,ITGA,11.713228828558638,13.81920316501891,12.280193286632189,9.364553467978904
Replicate 05,ITGA,12.220479508346923,14.99183843451292,12.833646059401868,8.571140690163016
Replicate 06,ITGA,13.571461217507728,12.471720331883759,13.857838001031645,10.279574614426876
