@ This data contains dCt values for FOXP3 in HeLa & LNCaP cells.
@ Cells are defined as Control & Transfected depending on their treatment type.
 ,Gene,HeLa_Control,LNCaP_Control,HeLa_Transfected,LNCaP_Transfected
Replicate 01,FOXP3,8.02984981188687,15.1262109040359,10.5392523450429,10.6511492309657
Replicate 02,FOXP3,9.1682061746928,11.8810797233703,8.01442765854155,10.9077164274371
Replicate 03,FOXP3,10.1915446023968,11.7925353729494,8.16224296435651,10.9770504134274
Replicate 04,FOXP3,7.63738021417356,13.0297963401142,7.85730812162535,10.4096568989356
Replicate 05,FOXP3,9.68957246844007,12.6731787304835,7.89238108182339,9.77969192684162
Replicate 06,FOXP3,9.18050340388638,,7.02915063928199,9.23309265655392
Replicate 07,FOXP3,10.8486810000076,14.7733389954148,8.89030783840878,10.8344163728799
