<!-- This data contains dCt values for TGFB in HEK293 & CD25Hi cells.
<!-- Cells are defined as Control & Transfected depending on their treatment type.
 ,Gene,HEK293_Control,CD25Hi_Control,HEK293_Transfected,CD25Hi_Transfected
Replicate 01,TGFB,13.18053521209,12.1287910071625,10.8870573104427,9.49485310222029
Replicate 02,TGFB,13.9781225784147,12.5014764523519,12.0089739464044,10.5987052985206
Replicate 03,TGFB,13.6940008961239,11.3392659430826,11.1989885252886,10.2920242098223
Replicate 04,TGFB,13.1308142911993,12.6372953427416,9.84645209560717,9.20062800151376
Replicate 05,TGFB,14.255715390278,11.3917195373824,10.9200988226063,11.4353350668287
Replicate 06,TGFB,13.9373860631757,11.8919942120131,12.4612766568793,9.41854620674775
Replicate 07,TGFB,15.2900414410577,12.9306942889376,-,9.2008157611198
