<!-- This data contains dCt values for RORa in NKT & CD8+ cells.
<!-- Cells are defined as Methotrexate & Cyclophosphamide depending on their treatment type.
 ,Gene,NKT_Methotrexate,CD8+_Methotrexate,NKT_Cyclophosphamide,CD8+_Cyclophosphamide
Replicate 01,RORa,11.349127698013,13.0226018771367,13.7145274033302,10.5765657341708
Replicate 02,RORa,11.3990907432946,,14.1054460494008,10.5219295181781
Replicate 03,RORa,11.1722423482163,11.2118557138818,13.8337280816156,9.86104734517983
Replicate 04,RORa,10.6373665277299,13.5759638317255,13.9533751044088,11.1653464783361
Replicate 05,RORa,12.9554079191065,11.3236502622491,14.283283583213,12.1781530792531
Replicate 06,RORa,12.7926615773038,12.2608327107702,14.4846437387492,11.32203216922
Replicate 07,RORa,12.6397965264498,12.9910237164646,12.1315592996177,11.7258534380352
Replicate 08,RORa,10.7753728687257,13.6829858292834,14.8154486026664,12.606717173197
