-- This data contains dCt values for SATB1 in HeLa & LNCaP cells.
-- Cells are defined as Methotrexate & Cyclophosphamide depending on their treatment type.
 ,Gene,HeLa_Methotrexate,LNCaP_Methotrexate,HeLa_Cyclophosphamide,LNCaP_Cyclophosphamide
Replicate 01,SATB1,14.6135854988696,15.0513112201556,11.6165252969982,12.6619640554453
Replicate 02,SATB1,15.4496671764806,14.4069966695406,11.2659952548632,12.533536842432
Replicate 03,SATB1,16.4257526394802,14.9522442215483,11.3225721080076,14.3987235625138
Replicate 04,SATB1,14.5917333470117,13.2252643190511,11.1955600792966,13.7643425894282
Replicate 05,SATB1,15.8345679235983,14.7936403935042,12.5019775503832,14.5284463419571
Replicate 06,SATB1,13.7566760575642,15.4021811675653,12.4139890884578,14.0580430727759
Replicate 07,SATB1,13.8801652562606,12.0925999810467,10.739356651156,14.1344688691161
Replicate 08,SATB1,14.9199225839066,15.9075350189909,12.8841313159464,13.9074011073421
Replicate 09,SATB1,14.094149962629,14.4610232850687,9.67677089261072,14.2527607524012
Replicate 10,SATB1,#N/A,16.5330881808266,11.8995284231364,13.2774579541599
