# This data contains dCt values for FOXP3 in CD141+ & CD303+ cells.
# Cells are defined as Methotrexate & Cyclophosphamide depending on their treatment type.
 ,Gene,CD141+_Methotrexate,CD303+_Methotrexate,CD141+_Cyclophosphamide,CD303+_Cyclophosphamide
Replicate 01,FOXP3,11.3453288274641,12.8824508318177,7.64638622319701,9.61555019516516
Replicate 02,FOXP3,9.05911383301743,13.4167650317146,7.61765208494204,9999
Replicate 03,FOXP3,9.95691364295133,13.5800833290315,8.2232727746916,6.56366743181893
Replicate 04,FOXP3,8.67615094604511,13.1888052494475,7.06747875470364,7.12339507876908
Replicate 05,FOXP3,9.02423343109353,12.8976248294613,7.81221510586269,10.4978410036339
Replicate 06,FOXP3,9.81959724085013,11.8485410696301,8.33872432824985,7.82868272299304
Replicate 07,FOXP3,9.68941087262734,13.2930285969893,7.62974072309465,7.51660467132145
Replicate 08,FOXP3,11.5318904310341,14.6232359460748,9.16511224894591,7.96201360016445
