-- This data contains dCt values for SATB1 in MCF7 & BT549 cells.
-- Cells are defined as Control & Transfected depending on their treatment type.

 ,Gene,MCF7_Control,BT549_Control,MCF7_Transfected,BT549_Transfected
Replicate 01,SATB1,15.809324376232947,10.64753301555222,12.388567486366926,11.55963630351264
Replicate 02,SATB1,13.063690767855189,10.24745285922485,11.630291936904989,8.3674242049775
Replicate 03,SATB1,15.15461355250155,11.191598518448274,12.291469930975676,11.176047419392955
Replicate 04,SATB1,13.657955252146953,12.232155789297632,12.175825653380182,8.778918511958784
Replicate 05,SATB1,15.49789647413214,12.58875208540237,13.103152781453602,9.697771147544469
Replicate 06,SATB1,14.06524276711152,12.459738472114667,13.013691148370478,9.72923887617809
