_ This data contains dCt values for RORa in Th & Treg cells.
_ Cells are defined as WT & KO depending on their treatment type.
 ,Gene,Th_WT,Treg_WT,Th_KO,Treg_KO
Replicate 01,RORa,12.00802798546,10.7156356823613,13.6662056829555,14.7842226707209
Replicate 02,RORa,13.2107555529922,11.2561386143653,14.4342045193354,16.4087580922364
Replicate 03,RORa,11.3927073132823,9.5139051379371,15.232937255693,16.6822452660932
Replicate 04,RORa,11.4301330242306,10.422621679008,14.6425035121138,12.9442749621659
Replicate 05,RORa,10.0033642674138,,16.0716313372587,15.5853225455689
Replicate 06,RORa,10.8175558288364,12.1823769249494,14.651397666239,15.6281602165627
