@ This data contains dCt values for FOXP3 in MCF7 & BT549 cells.
@ Cells are defined as Methotrexate & Cyclophosphamide depending on their treatment type.
 ,Gene,MCF7_Methotrexate,BT549_Methotrexate,MCF7_Cyclophosphamide,BT549_Cyclophosphamide
Replicate 01,FOXP3,10.4459700118572,12.2006839011335,9.84788882948937,10.3509693684207
Replicate 02,FOXP3,12.0103335572263,14.9551217187443,9.5180036580549,11.436298277698
Replicate 03,FOXP3,-,15.4955837209878,10.4757684048452,10.8061350790924
Replicate 04,FOXP3,13.0738061273816,14.5081958926354,9.46553635974043,9.85510898637669
Replicate 05,FOXP3,13.302069319476,12.1311167080286,9.49307898397083,9.49138789152336
Replicate 06,FOXP3,10.9040632285676,14.6094803209154,8.54461667926059,9.6511255773622
Replicate 07,FOXP3,11.6138033316787,13.5737138807389,11.1523051642059,10.4177577125796
Replicate 08,FOXP3,12.753574391011,14.8862539745939,12.8200446684562,9.13038174461653
Replicate 09,FOXP3,12.2395786706506,15.8382346021802,10.4978586676962,10.0403684474838
