@ This data contains dCt values for FOXP3 in Naive & Memory cells.
@ Cells are defined as ZIKV- & ZIKV+ depending on their treatment type.
 ,Gene,Naive_ZIKV-,Memory_ZIKV-,Naive_ZIKV+,Memory_ZIKV+
Replicate 01,FOXP3,13.2632274815625,#N/A,13.270509416611,13.289746333472
Replicate 02,FOXP3,13.3483344324183,13.2877690728561,14.427660380878,12.3245798038906
Replicate 03,FOXP3,12.0013884128474,12.8027109801155,12.2966995504623,12.5059128919738
Replicate 04,FOXP3,10.9511154283263,13.8597316249057,12.7855781888013,14.4022447628591
Replicate 05,FOXP3,12.8751340371856,12.8013210794239,13.3910482596747,13.3787345061227
