_ This data contains dCt values for NELL2 in HeLa & LNCaP cells.
_ Cells are defined as Control & Transfected depending on their treatment type.
 ,Gene,HeLa_Control,LNCaP_Control,HeLa_Transfected,LNCaP_Transfected
Replicate 01,NELL2,11.7868720191584,13.1580777237634,14.0960983666102,10.3298822856466
Replicate 02,NELL2,11.4170521985529,13.8707422327401,14.4425768469949,11.9196492348919
Replicate 03,NELL2,11.2097147991215,12.3100842233287,15.4981789384773,10.2637248552867
Replicate 04,NELL2,,13.3864091868478,12.1573037523022,11.275914736102
Replicate 05,NELL2,11.7574933639543,13.0257370124527,12.7564098095495,12.2520754503891
Replicate 06,NELL2,12.1091955493441,14.8107749441685,15.3567505281964,11.1484080306182
