% This data contains dCt values for NELL2 in Jurkat & CD34+ cells.
% Cells are defined as Control & Transfected depending on their treatment type.
 ,Gene,Jurkat_Control,CD34+_Control,Jurkat_Transfected,CD34+_Transfected
Replicate 01,NELL2,12.0736771564569,9.06304226951736,12.954016915913,13.9743282273994
Replicate 02,NELL2,11.2232951885329,#N/A,11.1560699706419,11.6395432591596
Replicate 03,NELL2,12.0800531217794,10.0443626182861,11.5621842375139,14.4027171345971
Replicate 04,NELL2,10.5159212737377,9.80448705749984,12.0047696873578,13.1935739302905
Replicate 05,NELL2,11.7111776572774,8.79033611069014,12.6483686445087,13.2230692180808
Replicate 06,NELL2,12.3904505642831,10.7532029102473,13.2450552569503,13.4579218730501
Replicate 07,NELL2,12.4917234338318,9.68896850936712,13.0363902633441,13.7966761826945
