// This data contains dCt values for JUN in Liver & Kidney cells.
// Cells are defined as Control & TCM depending on their treatment type.
 ,Gene,Liver_Control,Kidney_Control,Liver_TCM,Kidney_TCM
Replicate 01,JUN,14.4189033698371,12.2085112918788,9.91318989603747,10.8000240420949
Replicate 02,JUN,14.6269054654237,13.2385909683085,9.59365236558218,12.2408419404967
Replicate 03,JUN,14.1468127690405,13.1718976109296,9999,12.0644003567075
Replicate 04,JUN,14.3142608310491,12.1697173896733,7.63528380459079,13.574817009179
Replicate 05,JUN,14.7322142258971,13.1820392417397,8.45203618800214,11.6842489963052
