_ This data contains dCt values for RORa in Th & Treg cells.
_ Cells are defined as Control & TCM depending on their treatment type.
 ,Gene,Th_Control,Treg_Control,Th_TCM,Treg_TCM
Replicate 01,RORa,11.2848791102382,15.3212410016282,8.294631944732,14.8681769449276
Replicate 02,RORa,#N/A,11.8642051232307,8.08568163864038,14.1825196333434
Replicate 03,RORa,9.90025223523717,13.6655544065289,6.8746321967077,15.5998399337183
Replicate 04,RORa,12.5858244388908,14.0466517377606,8.14311094566825,15.019459999571
Replicate 05,RORa,11.5155998153673,13.8125767497873,9.44446424442091,15.2145119723142
Replicate 06,RORa,12.8806446254155,14.3992523004036,8.97544786519367,13.336231813029
