// This data contains dCt values for SATB1 in Jurkat & CD34+ cells.
// Cells are defined as Methotrexate & Cyclophosphamide depending on their treatment type.
 ,Gene,Jurkat_Methotrexate,CD34+_Methotrexate,Jurkat_Cyclophosphamide,CD34+_Cyclophosphamide
Replicate 01,SATB1,7.85483154362914,13.0425822720509,12.076700347045,10.9850882172092
Replicate 02,SATB1,7.77875889004306,11.6621975267296,11.0600975020034,12.4672576522489
Replicate 03,SATB1,8.20988421870417,11.863889195065,13.3803933969067,11.9633595851212
Replicate 04,SATB1,7.31350294638872,13.7830729319321,11.5836471971303,11.0465960185218
Replicate 05,SATB1,8.74042318959741,11.3941565372143,10.3769825205198,10.4854065570649
Replicate 06,SATB1,7.81968372142977,13.3902139024721,12.6528615588591,12.1975490287018
Replicate 07,SATB1,7.88534594374459,11.8326395436166,12.1602773448251,
